row_id,source_id,example_label,set,y_true,y_pred,y_std
G016,US7678858B2,Example 15,dev(OOF),82.0,78.6907581608038,3.435778541413826
G026,US6803402B2,Comparative Example 1,dev(OOF),59.0,63.509467723639396,3.4927607531033438
G325,KR101467101B1,Table 2 sample 3,dev(OOF),65.0,69.64389002871818,7.638176046536942
G077,US12091537B2,Example 4,dev(OOF),79.0,78.18894105926083,3.9236138199544093
G272,US20230174763A1,Comparative Example 11,dev(OOF),70.0,68.8503456984921,3.913317932050614
G191,US20160319102A1,Example 2,dev(OOF),70.0,64.4755689200761,3.2638192106341215
G292,EP4249550A1,Example 3,dev(OOF),72.0,70.36569955212975,3.20834272343987
G319,KR102400335B1,Example 5,dev(OOF),73.0,76.25982118207041,5.863810413511594
G118,US5696189A,Example 1,dev(OOF),76.0,80.38776352348744,8.352914174604079
G085,US8367776B2,Comparative Example 2,dev(OOF),78.0,63.760508434372035,2.3493244405311953
G058,US11753523B2,Comparative Example 1,dev(OOF),72.0,74.374789363402,4.2020695123146945
G297,EP4249550A1,Example 8,dev(OOF),68.0,71.47991316463738,4.133429331439438
G255,US12584054B2,Comparative Example 7,dev(OOF),55.0,58.23659142856333,2.776746257965418
G076,US12091537B2,Example 3,dev(OOF),79.0,76.9989788214807,2.778000260713461
G035,US8173727B2,Example 7,dev(OOF),80.0,76.33817010959142,4.047586580639263
G021,US7678858B2,Example 20,dev(OOF),82.0,80.99709980139797,4.554043284947607
G030,US8173727B2,Example 2,dev(OOF),80.0,80.41444362571873,4.358753676883071
G116,US5696189A,Comparative Example A,dev(OOF),77.0,74.29241685904263,5.940800947538166
G257,US12584054B2,Comparative Example 9,dev(OOF),55.0,56.40583857477952,2.133902999848867
G293,EP4249550A1,Example 4,dev(OOF),71.0,71.44670202828789,2.606017476601719
G079,US12091537B2,Comparative Example 1,dev(OOF),79.0,78.26728141458942,3.515981013320868
G117,US5696189A,Comparative Example B,dev(OOF),65.0,70.66758714014469,6.63836316049977
G190,US20160319102A1,Example 1,dev(OOF),68.0,63.305430799629065,3.6280450082507785
G194,US20160319102A1,Example 5,dev(OOF),68.0,63.11670441016459,3.596803817409032
G290,EP4249550A1,Example 1,dev(OOF),73.0,70.70224822770354,3.9774712190683874
G025,US6803402B2,Example 2,dev(OOF),62.0,60.88797851357027,2.956797714410953
G275,US20230174763A1,Comparative Example 13,dev(OOF),64.0,70.60252883063598,6.849649877395321
G283,US20230365800A1,Example 8,dev(OOF),66.0,64.59626311368669,2.2404075651535176
G294,EP4249550A1,Example 5,dev(OOF),71.0,70.22424254808573,3.8729541457324195
G286,US20230365800A1,Comparative Example 4,dev(OOF),61.0,65.52559357014586,2.935194624862714
G314,KR102400335B1,Comparative Example,dev(OOF),75.0,74.33500239476226,6.621832653141704
G276,US20230174763A1,Comparative Example 14,dev(OOF),73.0,67.5329589742831,4.876409518768566
G028,US6803402B2,Comparative Example 3,dev(OOF),59.0,67.17181052697032,7.325267184846372
G001,US7678858B2,Example 1,dev(OOF),78.0,79.27967144332891,4.2468428162553495
G093,US8367776B2,Example 11,dev(OOF),62.0,63.38129528262404,3.1370918783370616
G065,US11753523B2,Comparative Example 8,dev(OOF),75.0,76.62833782008376,4.554037777098848
G260,US12584054B2,Example 8,dev(OOF),58.0,59.71258271195548,3.0038483111140826
G003,US7678858B2,Example 3,dev(OOF),78.0,79.27967144332891,4.2468428162553495
G299,EP4249550A1,Example 11,dev(OOF),62.0,64.89423159131871,3.674828061762597
G045,US8211964B2,Example 4,dev(OOF),76.0,77.78609591344107,4.659972521023605
G067,US11753523B2,Comparative Example 10,dev(OOF),60.0,60.54901520340302,5.409175928097389
G204,US20160319102A1,Comparative Example 6,dev(OOF),64.0,62.609317797108346,3.285980775764231
G048,US8211964B2,Comparative Example 1,dev(OOF),73.0,77.40445887584919,7.104016715225852
G200,US20160319102A1,Comparative Example 5,dev(OOF),68.0,78.77139867579723,4.04728123362006
G169,US20050107544A1,Comparative Example A,dev(OOF),63.0,65.64350226552988,3.9578157663811044
G269,US20230174763A1,Comparative Example 5,dev(OOF),67.0,74.57995920697216,4.117290788804314
G084,US8367776B2,Comparative Example 1,dev(OOF),59.0,63.760508434372035,2.3493244405311953
G271,US20230174763A1,Comparative Example 7,dev(OOF),83.0,75.03218358672768,3.848931459209399
G195,US20160319102A1,Example 6,dev(OOF),81.0,71.88107024520042,2.7395623641340823
G301,EP4249550A1,Example 13,dev(OOF),64.0,64.89423159131871,3.674828061762597
G023,US7678858B2,Comparative Example 3,dev(OOF),81.0,76.33817010959142,4.047586580639263
G282,US20230365800A1,Example 6,dev(OOF),66.0,65.52559357014586,2.935194624862714
G164,US20050107544A1,Sample 1,dev(OOF),66.0,65.80264950007133,3.8477363423383824
G119,US5696189A,Example 2,dev(OOF),76.0,68.96996089207438,5.236723236950454
G274,US20230174763A1,Comparative Example 12,dev(OOF),56.0,58.11100887174885,7.251214540104435
G073,US11072700B2,Comparative Example 3,dev(OOF),74.0,70.92312819917375,3.0193798157184966
G019,US7678858B2,Example 18,dev(OOF),82.0,81.61612788695827,3.669714342120324
G155,US7402630B2,Example 7,dev(OOF),81.0,80.07539844738479,5.019292009525704
G022,US7678858B2,Comparative Example 2,dev(OOF),80.0,80.41247477999283,3.9525604922026725
G285,US20230365800A1,Comparative Example 3,dev(OOF),60.0,65.52559357014586,2.935194624862714
G304,EP4249550A1,Comparative Example 3,dev(OOF),71.0,70.95473392644422,3.653542819881286
G088,US8367776B2,Example 6,dev(OOF),64.5,60.54901520340302,5.409175928097389
G162,US6956085B2,Example 5,dev(OOF),69.0,72.44543276699648,4.418050341663943
G253,US12584054B2,Comparative Example 5,dev(OOF),65.0,64.37777903785114,3.9857327617252882
G105,US7354974B2,Control B,dev(OOF),73.0,75.35245402353954,4.837681668466602
G246,US12584054B2,Example 3,dev(OOF),69.0,68.67193435749228,3.8875011449601753
G288,US20230365800A1,Example 10,dev(OOF),67.0,64.46037681043867,3.4604988912258214
G332,KR101467101B1,Comparative Example 2,dev(OOF),75.0,74.43829734070958,3.8491273182171555
G024,US6803402B2,Example 1,dev(OOF),63.0,61.375840162949196,3.566260279699615
G324,KR101467101B1,Table 2 sample 2,dev(OOF),58.0,66.5186092863958,3.261565735732612
G160,US6956085B2,Example 3,dev(OOF),75.0,75.64953396107653,5.656129864237071
G034,US8173727B2,Example 6,dev(OOF),75.0,75.47549050811699,3.729361076167999
G323,KR101467101B1,Table 2 sample 1,dev(OOF),55.0,75.361688446064,3.7913749310008704
G280,US20230365800A1,Example 4,dev(OOF),67.0,64.59626311368669,2.2404075651535176
G082,US12304984B2,Example 2,dev(OOF),88.0,78.49136483018034,5.53148349604687
G284,US20230365800A1,Example 9,dev(OOF),63.0,64.8650040890679,3.1122045973259205
G330,KR101467101B1,Comparative Example 1 (Table 3 sample 4),dev(OOF),67.0,67.06073942437298,3.9981637790451323
G261,US12584054B2,Example 9,dev(OOF),57.0,54.84066411610187,3.2458118949359593
G197,US20160319102A1,Comparative Example 2,dev(OOF),85.0,72.25119295389807,3.553989866382312
G303,EP4249550A1,Comparative Example 2,dev(OOF),57.0,56.68518660748208,2.846076169196363
G252,US12584054B2,Comparative Example 4,dev(OOF),63.0,55.622875580890145,2.8388854929612823
G328,KR101467101B1,Comparative Example 1 (Table 3 sample 2),dev(OOF),67.0,74.45896447168494,8.431820111155966
G172,US20050107544A1,Comparative Example C,dev(OOF),66.0,66.20675241551798,3.048419997379045
G005,US7678858B2,Example 5,dev(OOF),78.0,78.9509436479649,3.83604714644365
G307,EP4249550A1,Comparative Example 6,dev(OOF),63.0,61.77473446289146,3.5726244365435686
G080,US12091537B2,Reference Example 1,dev(OOF),75.0,76.98771333152239,2.840489327531158
G097,US7354974B2,Example 1,dev(OOF),76.0,78.972700426478,3.886343374223361
G316,KR102400335B1,Example 2,dev(OOF),62.0,66.63979939784232,4.4803251568911975
G104,US7354974B2,Control A,dev(OOF),54.0,60.202595912156816,5.589063850854413
G124,US5696189A,Example 7,dev(OOF),78.0,82.3361920399505,9.000513988889766
G157,US7402630B2,Comparative Example A,dev(OOF),79.0,77.42127191600771,7.512032778948079
G087,US8367776B2,Example 5,dev(OOF),64.0,62.652038342395585,2.2534851948403447
G096,US8367776B2,Example 14,dev(OOF),63.5,60.54901520340302,5.409175928097389
G044,US8211964B2,Example 3,dev(OOF),58.0,58.89949291060403,3.308417189832781
G159,US6956085B2,Example 2,dev(OOF),75.0,73.99619996914684,7.3216481351848826
G158,US6956085B2,Example 1,dev(OOF),75.0,75.34698780666119,5.139694528640855
G327,KR101467101B1,Table 2 sample 5,dev(OOF),67.0,69.64389002871818,7.638176046536942
G263,US12584054B2,Comparative Example 12,dev(OOF),52.0,57.49929792356301,3.363240632144973
G066,US11753523B2,Comparative Example 9,dev(OOF),75.0,74.59428673633693,5.943687595589275
G046,US8211964B2,Example 5,dev(OOF),78.0,76.59343729916523,5.11534608356292
G287,US20230365800A1,Comparative Example 5,dev(OOF),65.0,64.8650040890679,3.1122045973259205
G317,KR102400335B1,Example 3,dev(OOF),68.0,70.56528595069103,7.532022391485459
G086,US8367776B2,Example 4,dev(OOF),63.5,62.373187417337576,3.123700825167706
G291,EP4249550A1,Example 2,dev(OOF),57.0,57.54423666316623,3.3418146020758828
G262,US12584054B2,Comparative Example 11,dev(OOF),55.0,58.59029828214652,2.774806176796346
G202,US20160319102A1,Comparative Example 8,dev(OOF),74.0,76.75593058599921,4.379962630666281
G279,US20230365800A1,Example 3,dev(OOF),67.0,65.52559357014586,2.935194624862714
G331,KR101467101B1,Example 2,dev(OOF),71.0,72.12137707999092,4.454079803937305
G029,US8173727B2,Example 1,dev(OOF),80.0,81.23343425853061,4.0527240438604535
G333,KR101467101B1,Example 3,dev(OOF),74.0,70.73519590922557,8.049297274884896
G201,US20160319102A1,Comparative Example 7,dev(OOF),61.0,67.11385729369738,4.168512634528074
G277,US20230365800A1,Example 1,dev(OOF),66.0,64.69585764816628,3.160166481684335
G101,US7354974B2,Example 5,dev(OOF),95.0,92.32617669241394,5.523471404570752
G245,US12584054B2,Example 2,dev(OOF),58.0,59.37329177386467,2.7832831019885673
G070,US11072700B2,Comparative Example 1,dev(OOF),58.0,60.45721689809659,5.611463213485116
G004,US7678858B2,Example 4,dev(OOF),79.0,79.01957347218374,2.7733978871546467
G198,US20160319102A1,Comparative Example 3,dev(OOF),61.0,67.0022330485681,2.720827593989233
G306,EP4249550A1,Comparative Example 5,dev(OOF),59.0,63.46538068636988,3.6886680263956793
G061,US11753523B2,Comparative Example 4,dev(OOF),75.0,74.77382737202498,4.082614354515924
G300,EP4249550A1,Example 12,dev(OOF),63.0,63.46538068636988,3.6886680263956793
G249,US12584054B2,Comparative Example 1,dev(OOF),51.0,60.1831558106168,6.097269503462806
G054,US11753523B2,Example 2,dev(OOF),71.0,71.7236157445564,5.337891979212468
G199,US20160319102A1,Comparative Example 4,dev(OOF),64.0,70.24742206159306,3.7631604580761957
G171,US20050107544A1,Sample 6,dev(OOF),66.0,65.94139078104234,3.78070866285164
G295,EP4249550A1,Example 6,dev(OOF),69.0,69.7971789753953,2.761911393115941
G302,EP4249550A1,Comparative Example 1,dev(OOF),57.0,58.02390862651667,3.911398650138666
G081,US12304984B2,Example 1,dev(OOF),75.0,71.9544748842823,4.118032502075817
G089,US8367776B2,Example 7,dev(OOF),65.0,61.74817823058854,2.277521254485087
G007,US7678858B2,Example 7,dev(OOF),79.0,79.02632446752568,3.7735371657131864
G060,US11753523B2,Comparative Example 3,dev(OOF),75.0,75.60176658956428,5.708798644475838
G057,US11753523B2,Example 5,dev(OOF),80.0,81.13083820844712,5.495188291524393
G100,US7354974B2,Example 4,dev(OOF),89.0,83.63720015890152,6.564210519273317
G012,US7678858B2,Example 11,dev(OOF),89.0,83.98634140786459,5.008207881723113
G247,US12584054B2,Example 4,dev(OOF),85.0,72.39158006701102,5.363716140157836
G296,EP4249550A1,Example 7,dev(OOF),71.0,70.57045295514683,3.558513041414919
G033,US8173727B2,Example 5,dev(OOF),79.0,81.23343425853061,4.0527240438604535
G268,US20230174763A1,Example 5,dev(OOF),92.0,89.46751173540012,5.8438185653054635
G053,US11753523B2,Example 1,dev(OOF),72.0,74.374789363402,4.2020695123146945
G075,US12091537B2,Example 2,dev(OOF),78.0,78.24474260816814,4.077870797024049
G321,KR101467101B1,Table 1 compound FFKM B,dev(OOF),77.0,56.765968311789344,2.347406072894307
G166,US20050107544A1,Sample 3,dev(OOF),65.0,64.26505004479368,4.221719350154233
G002,US7678858B2,Example 2,dev(OOF),79.0,79.01957347218374,2.7733978871546467
G122,US5696189A,Example 5,dev(OOF),82.0,82.49305685355803,9.830758696093671
G267,US20230174763A1,Example 4,dev(OOF),84.0,85.11341063795044,5.664265978325105
G043,US8211964B2,Example 2,dev(OOF),57.2,60.61057573584027,5.650180339152977
G326,KR101467101B1,Example 1 (Table 2 sample 4),dev(OOF),64.0,67.18509441466993,4.324362415536571
G008,US7678858B2,Example 8,dev(OOF),78.0,79.27967144332891,4.2468428162553495
G281,US20230365800A1,Example 5,dev(OOF),66.0,64.46037681043867,3.4604988912258214
G123,US5696189A,Example 6,dev(OOF),80.0,80.62250374797235,8.540361449045546
G308,EP4249550A1,Comparative Example 7,dev(OOF),57.0,57.29647785026109,3.783199317190137
G010,US7678858B2,Comparative Example 1,dev(OOF),75.0,76.2347460856801,2.8205535923549028
G163,US6956085B2,Example 6,dev(OOF),67.0,75.67264605862073,4.59335799094567
G103,US7354974B2,Example 7,dev(OOF),78.0,78.972700426478,3.886343374223361
G013,US7678858B2,Example 12,dev(OOF),86.0,82.77865805871812,3.929646739686602
G102,US7354974B2,Example 6,dev(OOF),97.0,90.2815778881772,7.399686361392649
G092,US8367776B2,Example 10,dev(OOF),61.5,61.74817823058854,2.277521254485087
G072,US11072700B2,Example 3,dev(OOF),74.0,74.60537965422202,6.808756509516364
G027,US6803402B2,Comparative Example 2,dev(OOF),65.0,71.53473791595444,7.792514427041951
G032,US8173727B2,Example 4,dev(OOF),81.0,80.41247477999283,3.9525604922026725
G069,US11072700B2,Example 2,dev(OOF),60.0,68.5902970791472,5.120621409614698
G322,KR101467101B1,Table 1 compound FFKM C,dev(OOF),77.0,63.23282681789311,6.6179218977290475
G052,US8211964B2,Comparative Example 3,dev(OOF),73.0,77.85754978005737,4.616670868297145
G192,US20160319102A1,Example 3,dev(OOF),74.0,71.42025604983802,3.901169751103294
G278,US20230365800A1,Example 2,dev(OOF),66.0,65.52559357014586,2.935194624862714
G006,US7678858B2,Example 6,dev(OOF),78.0,79.01957347218374,2.7733978871546467
G051,US8211964B2,Example 8,dev(OOF),83.0,77.33285739295677,7.802140085467701
G298,EP4249550A1,Example 10,dev(OOF),64.0,63.45981576721385,2.348299963451741
G266,US20230174763A1,Example 3,dev(OOF),73.0,74.95723344671217,7.394197243306901
G009,US7678858B2,Example 9,dev(OOF),80.0,79.01957347218374,2.7733978871546467
G031,US8173727B2,Example 3,dev(OOF),81.0,80.17620076152537,3.5787877090044793
G168,US20050107544A1,Sample 5,dev(OOF),74.0,74.36817284728754,5.762252377826013
G062,US11753523B2,Comparative Example 5,dev(OOF),80.0,81.13083820844705,5.495188291524388
G203,US20160319102A1,Comparative Example 9,dev(OOF),86.0,74.31167715518717,3.087241969406011
G020,US7678858B2,Example 19,dev(OOF),84.0,83.24298180387403,4.339693044735945
G258,US12584054B2,Comparative Example 13,dev(OOF),58.0,58.6992572014881,2.1546142808493824
G083,US8367776B2,Example 3,dev(OOF),68.0,64.31997405084495,2.894960409961984
G170,US20050107544A1,Comparative Example B,dev(OOF),64.0,65.95752810343451,4.018281701711258
G056,US11753523B2,Example 4,dev(OOF),75.0,75.77063311865064,2.8471945842000355
G320,KR101467101B1,Table 1 compound FFKM A,dev(OOF),73.0,56.765968311789344,2.347406072894307
G161,US6956085B2,Example 4,dev(OOF),75.0,73.99619996914684,7.3216481351848826
G265,US20230174763A1,Example 2,dev(OOF),74.0,74.57995920697216,4.117290788804314
G256,US12584054B2,Comparative Example 8,test,68.0,66.94628519789572,4.194617388875058
G059,US11753523B2,Comparative Example 2,test,71.0,71.62703540778801,4.193048910385095
G091,US8367776B2,Example 9,test,66.5,64.12529032932356,3.164961756156742
G196,US20160319102A1,Comparative Example 1,test,64.0,64.1934575389052,3.600957537167241
G250,US12584054B2,Comparative Example 2,test,55.0,56.55598354069312,2.866598947995989
G055,US11753523B2,Example 3,test,75.0,75.25505299811643,4.457853603473055
G063,US11753523B2,Comparative Example 6,test,74.0,75.25505299811643,4.457853603473055
G074,US12091537B2,Example 1,test,79.0,78.06721510968957,3.902667746570079
G121,US5696189A,Example 4,test,79.0,75.35119898630992,7.770531123658413
G050,US8211964B2,Comparative Example 2,test,75.0,75.09664977933973,6.300379731431155
G094,US8367776B2,Example 12,test,62.5,64.12529032932356,3.164961756156742
G318,KR102400335B1,Example 4,test,75.0,72.19937119562701,7.418438694660519
G071,US11072700B2,Comparative Example 2,test,60.0,64.80017161641483,3.2747666624037883
G165,US20050107544A1,Sample 2,test,66.0,64.78886578297431,3.4489188683419028
G098,US7354974B2,Example 2,test,77.0,78.22822389367101,4.271865806884518
G305,EP4249550A1,Comparative Example 4,test,62.0,63.64290635532511,3.26392773953355
G244,US12584054B2,Example 1,test,51.0,55.58960629640342,4.409930068507932
G248,US12584054B2,Example 5,test,58.0,58.15965283625379,2.936621169058439
G015,US7678858B2,Example 14,test,78.0,79.049315061703,3.8571117673997093
G167,US20050107544A1,Sample 4,test,70.0,69.59311188896854,4.044897472300602
G017,US7678858B2,Example 16,test,82.0,80.89703231725497,3.991119120862992
G068,US11072700B2,Example 1,test,58.0,64.65375794046518,3.232592726638669
G014,US7678858B2,Example 13,test,83.0,80.80608763791605,3.9894894265586744
G251,US12584054B2,Comparative Example 3,test,68.0,67.07725352287902,4.158165182618535
G309,EP4249550A1,Example 9,test,57.0,57.111199550580245,3.0518554714631856
G036,US8173727B2,Example 8,test,65.0,60.40973956227594,6.082806514457048
G018,US7678858B2,Example 17,test,81.0,81.24457393552169,4.008537385708681
G120,US5696189A,Example 3,test,75.0,74.55928002576269,4.7847508652316275
G011,US7678858B2,Example 10,test,82.0,80.53819514783906,3.9852448805711567
G254,US12584054B2,Comparative Example 6,test,59.0,58.15965283625379,2.936621169058439
G329,KR101467101B1,Comparative Example 1 (Table 3 sample 3),test,67.0,68.11971972022194,3.913230276499993
G090,US8367776B2,Example 8,test,65.5,63.361610005343586,3.123323886763612
G315,KR102400335B1,Example 1,test,60.0,64.8229430321293,6.407427911174012
G064,US11753523B2,Comparative Example 7,test,74.0,75.6603036695396,4.535733061886309
G273,US20230174763A1,Example 6,test,77.0,76.51463086243433,6.436413910551633
G047,US8211964B2,Example 6,test,73.0,72.57700586879585,3.8873116652040474
G289,US20230365800A1,Example 11,test,70.0,64.75467131578398,3.174816048063124
G193,US20160319102A1,Example 4,test,80.0,76.12840822331974,3.987556155921308
G095,US8367776B2,Example 13,test,65.5,64.12529032932356,3.164961756156742
G259,US12584054B2,Example 6,test,64.0,67.00460577387973,4.118059087223399
G049,US8211964B2,Example 7,test,77.0,75.27695189465591,6.378961247916423
G078,US12091537B2,Example 5,test,79.0,78.06721510968957,3.902667746570079
G270,US20230174763A1,Comparative Example 6,test,65.0,65.6392192061575,3.9497532590886744
G264,US20230174763A1,Example 1,test,66.0,68.25556276621215,5.702429250771257
G156,US7402630B2,Example 8,test,82.0,81.71706057678782,4.423009496707345
G099,US7354974B2,Example 3,test,78.0,78.22822389367101,4.271865806884518
