rank,polymer_type,cure_system,carbon_black_phr,silica_phr,alumina_phr,barium_sulfate_phr,titanium_oxide_phr,fluororesin_phr,other_inorganic_filler_phr,organic_additive_phr,coagent_phr,peroxide_phr,nitrile_curative_phr,other_curative_phr,acid_acceptor_phr,processing_aid_phr,total_filler_phr,pred_tensile_MPa,std_tensile_MPa,pred_hardness_shoreA,std_hardness_shoreA,pred_elongation_pct,std_elongation_pct,EI_tensile,P_feasible,cEI,nearest_example,dist_to_nearest
1,FFKM,nitrile_triazine,0.0,0.0,0.0,0.0,6.34539920415559,49.93261698522221,0.0,0.0,0.0,0.0,0.2963850916905507,0.0,0.0,0.0,56.2780161893778,18.75125490004878,4.501948346512564,76.76974243316072,6.687174247785927,238.08557904060743,39.55428428762984,0.49665266364457905,0.5229107676298084,0.25970502559177583,US5696189A Comparative Example B,1.8588978401403653
2,FFKM,nitrile_triazine,0.0,0.0,6.707911977978548,0.0,0.0,49.86831938641783,0.0,0.0,0.0,0.0,0.3516875424916345,0.0,0.0,0.0,56.57623136439638,19.293329766713082,4.454595468377647,76.77484831224781,9.179561628038947,241.62498814379143,39.852254406537014,0.5990024899311518,0.40271145410794124,0.24122516373445158,US7354974B2 Example 1,2.04273799039854
3,FFKM,nitrile_triazine,0.0,1.3466528332572245,0.0,0.0,6.975100653298155,31.16911940486447,0.0,0.0,0.0,0.0,0.5226796149296556,0.0,0.0,0.0,39.490872891419855,18.419869803997173,4.450525585055786,77.3907933883935,6.1282071514614,258.03719786976944,38.788972023088775,0.42096516518139493,0.5494856268553818,0.23131430767397815,US5696189A Comparative Example B,1.6877256077045888
4,FFKM,nitrile_triazine,9.884475884799434,0.0,0.0,0.0,0.0,37.92305261052919,0.0,0.0,0.0,0.0,0.17577182167624278,0.0,0.0,0.0,47.807528495328626,19.051820452011594,3.8872953637243626,78.72258430653467,4.072060180198488,213.66048374493087,46.64567349323909,0.3868085360414376,0.5547282892266128,0.21457363745651728,US7354974B2 Control D,2.3900148767468066
5,FFKM,nitrile_triazine,0.0,0.0,0.0,0.0,7.930710878415809,25.893846667982597,0.0,0.0,0.0,0.0,1.1688257614732116,0.0,0.0,0.0,33.82455754639841,18.197619357091238,4.484993328375726,73.84574932785982,6.614528828799819,268.2102370959745,44.945523952551326,0.3918808811104042,0.5411198117942388,0.21205450863222242,US5696189A Comparative Example B,1.2581202270419891
6,FFKM,nitrile_triazine,0.0,2.4358074225121835,7.115587412031578,0.0,0.0,43.566000397234184,0.0,0.7044388636752529,0.0,0.0,1.2517739915429862,0.0,0.0,0.0,53.8218340954532,19.226622822665806,4.632779610888695,81.87122849888314,9.886727878627825,273.3808016627759,42.90679739387606,0.637966096470191,0.309387521842107,0.19737874960619495,US11118045B2 Example 11,2.215044748384221
7,FFKM,nitrile_other,0.0,0.0,15.0,0.0,0.0,44.380340540716304,0.0,0.0,0.0,0.0,1.177148034749736,0.0,0.0,0.0,59.380340540716304,18.473824999723327,4.848056439832976,78.58254174474276,9.824190861852058,271.984034484891,39.724070613568436,0.538043527765164,0.365805870972478,0.19681948129524046,US7354974B2 Control D,2.8219582494557374
8,FFKM,nitrile_triazine,22.434721468655344,0.0,0.0,0.0,0.0,23.20230646110055,0.0,0.0,0.0,0.0,0.20734263138065873,0.0,0.0,0.0,45.637027929755895,18.658109673438375,4.0665591449076,78.77760234146365,4.0745385953466995,201.22266288608742,44.12034528541503,0.3640670549165699,0.5283261969572012,0.19234616256147988,US11072700B2 Comparative Example 3,3.1867262461607946
9,FFKM,nitrile_triazine,0.0,1.400875780625132,0.0,0.0,3.571382261562311,24.054717629632535,0.0,0.696603315555948,0.0,0.0,0.8516704611500573,0.0,0.0,0.0,29.723578987375923,17.969493448364766,4.21358647434527,77.09497874615658,4.736040582806513,237.03911858713357,40.533154793782785,0.2938371361146337,0.6526013201131284,0.19175850292667096,US5696189A Comparative Example B,1.4170513446502269
10,FFKM,nitrile_bisaminophenol,30.0,0.0,0.0,0.0,5.716104498650819,0.0,0.0,0.0,0.0,0.0,1.062777281527666,0.0,0.0,0.0,35.71610449865082,18.28148643357994,4.264436424755646,74.32951922347338,5.826083881001541,197.4320597420107,37.705632130107524,0.35148997832813345,0.5429362851142845,0.19083666308837713,US7402630B2 Example 7,1.9047590520473445
