target,experiment,seed,iter,model,R2,RMSE,MAE,kernel,ard,linear,x_transform,y_transform,feature_set,ls_init,noise_init,noise_floor,n_restarts,cov95,NLPD,R2_std,sec
elongation_pct,Exp0_baseline,,,GP_sklearn_default,-6466.22221172553,3939.3981480710727,495.274566460927,,,,,,,,,,,,,,
elongation_pct,Exp0_baseline,,,Ridge,0.42401784574978185,42.92371698982652,32.65483994780175,,,,,,,,,,,,,,
elongation_pct,Exp0_baseline,,,RandomForest,0.49921560473919424,40.02988066617645,28.272723409946206,,,,,,,,,,,,,,
elongation_pct,Exp1_kernel_screen,,,GP,0.590957755415416,36.17965448795789,26.30408855776265,rbf,True,False,log1p,none,full,0.0,-1.0,-4.0,1.0,0.9166666666666666,5.09972297491028,0.0,43.311339378356934
elongation_pct,Exp1_kernel_screen,,,GP,0.4961642932759527,40.15362927126714,29.854177463967307,rbf,False,False,log1p,none,full,0.0,-1.0,-4.0,1.0,0.9351851851851852,5.155050105023206,0.0,1.820155382156372
elongation_pct,Exp1_kernel_screen,,,GP,0.6222722332404368,34.767205862671254,24.922569039769332,matern12,True,False,log1p,none,full,0.0,-1.0,-4.0,1.0,0.9259259259259259,5.079734790205295,0.0,48.210389852523804
elongation_pct,Exp1_kernel_screen,,,GP,0.5094501250165788,39.620679394620055,29.13829941543608,matern12,False,False,log1p,none,full,0.0,-1.0,-4.0,1.0,0.9305555555555556,5.163985597740093,0.0,2.110595226287842
elongation_pct,Exp1_kernel_screen,,,GP,0.621144198940904,34.819081005964705,24.94041034420786,matern32,True,False,log1p,none,full,0.0,-1.0,-4.0,1.0,0.9259259259259259,5.07488179666532,0.0,44.67351460456848
elongation_pct,Exp1_kernel_screen,,,GP,0.507039514307533,39.71791006359844,29.452628620800336,matern32,False,False,log1p,none,full,0.0,-1.0,-4.0,1.0,0.9305555555555556,5.145640602559085,0.0,1.976780652999878
elongation_pct,Exp1_kernel_screen,,,GP,0.6122485509994247,35.22549043142698,25.414612458113282,matern52,True,False,log1p,none,full,0.0,-1.0,-4.0,1.0,0.9259259259259259,5.087984846437131,0.0,43.64702868461609
elongation_pct,Exp1_kernel_screen,,,GP,0.501946680020627,39.922548148260745,29.59853869673948,matern52,False,False,log1p,none,full,0.0,-1.0,-4.0,1.0,0.9305555555555556,5.14930707858714,0.0,1.9234073162078857
elongation_pct,Exp1_kernel_screen,,,GP,0.5002155644928292,39.991868632034894,29.762957093648176,rq,False,False,log1p,none,full,0.0,-1.0,-4.0,1.0,0.9259259259259259,5.179941669680006,0.0,3.9131951332092285
elongation_pct,Exp2_BO,0.0,0.0,GP,0.5345382214534669,38.594226914823714,28.198238991513723,rq,False,True,std,none,full,-0.9669447289429418,-0.5601892823991825,-2.348977690889113,1.0,0.9259259259259259,5.137573741284104,0.0,9.084002494812012
elongation_pct,Exp2_BO,0.0,1.0,GP,0.5418803018071181,38.28862906606124,27.740913932055246,matern32,False,True,log1p,log,full_cure6,0.8701448475755365,-0.5524393376354038,-5.989045999319408,1.0,0.9120370370370371,5.0903496239464445,0.0,5.656500339508057
elongation_pct,Exp2_BO,0.0,2.0,GP,0.5523073189112906,37.85038757783652,27.209557201318425,matern12,False,True,std,log,full_cure6,-0.648688758794882,-0.4104632329503404,-3.834155119003633,1.0,0.9166666666666666,5.093434638962151,0.0,5.00955057144165
elongation_pct,Exp2_BO,0.0,3.0,GP,0.47761370140238,40.88615045092626,28.633546835048882,rbf,True,False,std,none,full,-0.7514334470008721,-0.9881267559191089,-3.4112419537029997,1.0,0.9259259259259259,5.200793779679959,0.0,28.413091897964478
elongation_pct,Exp2_BO,0.0,4.0,GP,0.6007073372778651,35.74588044838716,25.481912881359428,matern12,False,True,std,none,compact,0.9616706775524602,-0.9433740465579161,-3.398162894928735,1.0,0.9305555555555556,5.10577808520652,0.0,5.522430896759033
elongation_pct,Exp2_BO,0.0,5.0,GP,0.5281904026150261,38.856503591941895,28.235383625779445,rq,False,True,std,log,full,0.4429766803881634,-1.4239370325728222,-4.759032497764178,1.0,0.9259259259259259,5.189422931753556,0.0,11.5055673122406
elongation_pct,Exp2_BO,0.0,6.0,GP,0.5959156441119318,35.95972420021435,25.54745190614492,matern32,True,True,log1p,none,compact,-0.28440960658185954,-1.2854105078107172,-4.712522435696231,1.0,0.9305555555555556,5.153312043820692,0.0,33.15491318702698
elongation_pct,Exp2_BO,0.0,7.0,GP,0.5290393445230626,38.82152998559111,28.29439750417149,matern52,False,True,std,log,full_agg,0.7805487040095846,-2.318527219399861,-3.5072514212558303,1.0,0.9212962962962963,5.177380755561364,0.0,7.23527193069458
elongation_pct,Exp2_BO,0.0,8.0,GP,0.49961246209343646,40.015990951873015,29.817856381943685,matern32,False,False,std,log,full,0.69658241655012,-2.5635793854404048,-4.373958653007493,1.0,0.9305555555555556,5.188924546771602,0.0,3.3115692138671875
elongation_pct,Exp2_BO,0.0,9.0,GP,0.5944736930728282,36.023827134950324,25.61638328073074,rbf,False,True,std,none,compact,0.5286390131190244,-0.01513107196979524,-5.4775840463735035,1.0,0.9305555555555556,5.0839016423712104,0.0,5.292625427246094
elongation_pct,Exp2_BO,0.0,10.0,GP,0.5804734607735875,36.64038710856752,26.391726589679433,matern12,False,False,std,none,compact,0.9616706775524602,-0.9433740465579161,-3.398162894928735,1.0,0.9305555555555556,5.112331540763815,0.0,1.5115814208984375
elongation_pct,Exp2_BO,0.0,11.0,GP,0.5758393193671424,36.84219842723321,26.730219980072803,matern12,False,True,log1p,log,compact,0.5893333477096729,-1.491932767960932,-2.387078012712617,1.0,0.9351851851851852,5.165015096065328,0.0,4.607904434204102
elongation_pct,Exp2_BO,0.0,12.0,GP,0.582384241754935,36.5568504911476,26.42832811951361,rq,True,True,log1p,none,compact,-0.5072652454125286,-2.9628859311150393,-2.568876931855327,1.0,0.9305555555555556,5.131952625201983,0.0,8.941463947296143
elongation_pct,Exp2_BO,0.0,13.0,GP,0.5542284282945902,37.76908972240615,26.39881479367838,matern32,True,False,log1p,log,compact,-0.3657707092210494,-2.8782750475188754,-4.148993362046783,1.0,0.9212962962962963,5.255611881944452,0.0,28.98375630378723
elongation_pct,Exp2_BO,0.0,14.0,GP,0.5074967530119046,39.69948589029776,29.210478552923636,rq,True,False,log1p,log,full_cure6,0.5237591905584424,-0.6830822792095566,-2.0614762777460527,1.0,0.9351851851851852,5.142909644697249,0.0,4.605771780014038
elongation_pct,Exp2_BO,0.0,15.0,GP,0.6007061252614021,35.745934700026076,25.481888839929784,matern12,False,True,std,none,compact,0.25895110792569187,-0.01582933073001236,-4.892189822649238,1.0,0.9305555555555556,5.105784245627797,0.0,4.1724817752838135
elongation_pct,Exp2_BO,0.0,16.0,GP,0.585926434184447,36.40148380319603,26.58919595735938,rq,True,False,log1p,none,compact,-0.8492974094969026,-1.6893219783161433,-5.278304854748834,1.0,0.9351851851851852,5.126770240534636,0.0,3.698735475540161
elongation_pct,Exp2_BO,0.0,17.0,GP,0.5727095180597028,36.97787440671533,26.060817255036387,matern32,True,False,log1p,none,compact,-0.94805272959234,-0.8204488246837771,-5.828643389064086,1.0,0.9305555555555556,5.162952304280088,0.0,26.99886441230774
elongation_pct,Exp2_BO,0.0,18.0,GP,0.5901905001926371,36.21357032950468,25.559442686295323,rq,True,True,std,log,compact,-0.2007779159851395,-2.5514613580820935,-5.640721479615291,1.0,0.9212962962962963,5.166103713748572,0.0,8.857809782028198
elongation_pct,Exp2_BO,0.0,19.0,GP,0.5849746013716048,36.44329791665212,26.273671329947142,rq,False,False,std,log,compact,-0.05472132773556537,-0.1849516516762404,-3.520471697239522,1.0,0.9351851851851852,5.170758859213621,0.0,5.534948825836182
elongation_pct,Exp2_BO,0.0,20.0,GP,0.5846141038054538,36.45912209099883,26.31424410188949,rq,False,False,std,none,compact,0.6207088107598921,-0.35213822762824787,-5.961053033212596,1.0,0.9305555555555556,5.121591079794979,0.0,3.5518734455108643
elongation_pct,Exp2_BO,0.0,21.0,GP,0.5996617907886497,35.79265008550213,25.45609997322428,matern32,False,True,std,none,compact,0.30823604064181653,-0.23580916685078002,-3.384243685995366,1.0,0.9305555555555556,5.08985746269369,0.0,5.474838018417358
elongation_pct,Exp2_BO,0.0,22.0,GP,0.6203696459882736,34.854655823178014,25.304841380157775,matern12,True,True,std,log,compact,0.7468800492408911,-0.21218551160090993,-2.1035244138824285,1.0,0.9305555555555556,5.17737421237348,0.0,59.236146688461304
elongation_pct,Exp2_BO,0.0,23.0,GP,0.597894747849516,35.8715552592978,25.4451218018312,rq,True,True,std,none,compact,-0.6464658827019039,-0.03697840269359709,-5.608975781337137,1.0,0.9305555555555556,5.11712842406586,0.0,10.442156791687012
elongation_pct,Exp2_BO,0.0,24.0,GP,0.6542027855377106,33.26527200089356,23.88000016686203,matern12,True,True,std,none,compact,-0.28993232049883555,-2.9695539734022574,-2.706758439569493,1.0,0.9398148148148148,5.063084030605938,0.0,55.45426917076111
elongation_pct,Exp2_BO,0.0,25.0,GP,0.612347395931273,35.22100033456751,25.22580703556564,matern12,True,True,log1p,none,compact,0.011030417884700938,-1.2513864549844533,-5.151108428068349,1.0,0.9351851851851852,5.1147219444473375,0.0,46.644280195236206
elongation_pct,Exp2_BO,0.0,26.0,GP,0.5920630588144074,36.13073955702348,25.94248145440354,matern12,True,False,std,none,compact,-0.28993232049883555,-2.9695539734022574,-2.706758439569493,1.0,0.9305555555555556,5.119535627123126,0.0,54.19003129005432
elongation_pct,Exp2_BO,0.0,27.0,GP,0.6389253716261492,33.9921645245,24.24454951615339,matern12,True,True,std,none,compact,-1.0,-2.9695539734022574,-2.706758439569493,1.0,0.9351851851851852,5.079739994349041,0.0,70.7624044418335
elongation_pct,Exp2_BO,0.0,28.0,GP,0.6542027855377106,33.26527200089356,23.88000016686203,matern12,True,True,std,none,compact,-0.28993232049883555,-3.0,-2.706758439569493,1.0,0.9398148148148148,5.063084030605938,0.0,62.70529890060425
elongation_pct,Exp2_BO,0.0,29.0,GP,0.6217458475273065,34.79142249517195,25.07139970629818,matern12,True,True,std,none,compact,0.8841840381118518,-2.9695539734022574,-2.706758439569493,1.0,0.9305555555555556,5.098096172098689,0.0,58.71273446083069
elongation_pct,Exp2_BO,1.0,0.0,GP,0.50446855668144,39.82134662103234,29.146880302729542,matern32,False,True,log1p,none,full,0.8972988942744877,-2.064505643968544,-4.306694204109697,1.0,0.9305555555555556,5.167249402442045,0.0,6.112568616867065
elongation_pct,Exp2_BO,1.0,1.0,GP,0.5196097195731946,39.208248276857304,28.499952263339505,matern12,False,False,std,log,full_cure6,-0.9448817735138633,-0.7394606739755805,-3.847426747122887,1.0,0.9259259259259259,5.123414970554728,0.0,2.7055602073669434
elongation_pct,Exp2_BO,1.0,2.0,GP,0.5141950703459582,39.428594153545625,29.326964263600004,rq,True,False,log1p,none,full_agg,-0.09300422103869699,-2.5978749082585058,-4.387548054211483,1.0,0.9259259259259259,5.161164562647632,0.0,5.722874879837036
elongation_pct,Exp2_BO,1.0,3.0,GP,0.5978937265811208,35.87160081262273,25.44514547394097,rq,True,True,std,none,compact,-0.43918248402792015,-1.544427076705095,-2.0770512007950455,1.0,0.9305555555555556,5.117135806640887,0.0,10.715182065963745
elongation_pct,Exp2_BO,1.0,4.0,GP,0.4948315807875897,40.20670004590848,29.650077902874255,matern52,False,False,log1p,none,full_cure6,-0.44621759190925836,-2.5180439736746196,-2.1202983471354697,1.0,0.9444444444444444,5.119384497805912,0.0,2.1774473190307617
elongation_pct,Exp2_BO,1.0,5.0,GP,0.502791816133416,39.88866190443457,29.31897967916734,matern32,False,False,std,none,full_cure6,0.553366228684596,-1.1609900968408786,-2.3308091808363893,1.0,0.9351851851851852,5.124406201908443,0.0,2.197206735610962
elongation_pct,Exp2_BO,1.0,6.0,GP,0.5786204108612434,36.72121829585084,26.951939649862553,matern32,True,True,log1p,log,full_agg,-0.8753008417002488,-1.0760154925818752,-2.589468646077373,1.0,0.9212962962962963,5.231838094670274,0.0,80.21370816230774
elongation_pct,Exp2_BO,1.0,7.0,GP,0.6007068365342736,35.74590286241654,25.48191044287823,matern12,False,True,std,none,compact,0.01899176304301875,-1.4673333466004008,-2.9878791691912885,1.0,0.9305555555555556,5.105781669217619,0.0,7.575194835662842
elongation_pct,Exp2_BO,1.0,8.0,GP,0.6091139261118104,35.367587176088314,25.26682894238888,rbf,True,True,log1p,none,compact,0.06093181491126498,-1.718721967897031,-5.9800843298854565,1.0,0.9166666666666666,5.109043083693455,0.0,27.52322506904602
elongation_pct,Exp2_BO,1.0,9.0,GP,0.6021609612140493,35.68075472782309,25.302297026134813,matern32,True,True,log1p,log,compact,-0.29977776041172377,-2.8582159921246646,-5.958443009652724,1.0,0.9166666666666666,5.2330290610783345,0.0,48.510932207107544
elongation_pct,Exp2_BO,1.0,10.0,GP,0.4996124698826573,40.01599064042102,29.817856101010943,matern32,False,False,std,log,full,-0.38853725445293796,-0.8252954246712778,-3.957874428103576,1.0,0.9305555555555556,5.188924601072445,0.0,1.9583334922790527
elongation_pct,Exp2_BO,1.0,11.0,GP,0.5872361605568635,36.343868747403114,25.718930434365667,matern52,False,True,std,log,compact,0.9801652075514229,-0.47559870730770726,-2.7579620726169582,1.0,0.9259259259259259,5.143126941530887,0.0,6.971102237701416
elongation_pct,Exp2_BO,1.0,12.0,GP,0.6018523822765784,35.69458971399835,25.937315728437465,matern52,True,False,log1p,log,compact,-0.6672086277218565,-0.4153831803320429,-4.367870695346651,1.0,0.9166666666666666,5.175600468214561,0.0,49.55756425857544
elongation_pct,Exp2_BO,1.0,13.0,GP,0.6081619224209656,35.41062989342029,24.931505111550763,matern12,True,False,log1p,log,compact,0.9122573148778925,-1.010137354733832,-4.516970940722348,1.0,0.9305555555555556,5.233104751408143,0.0,40.412885904312134
elongation_pct,Exp2_BO,1.0,14.0,GP,0.5846138259245435,36.459134286035344,26.31424884698822,rq,False,False,std,none,compact,-0.8654345396086123,-2.910612083785482,-5.850912850178352,1.0,0.9305555555555556,5.121589507932771,0.0,4.68279767036438
elongation_pct,Exp2_BO,1.0,15.0,GP,0.5565385187392584,37.671098564991894,27.080130738666426,rq,True,True,std,log,full_cure6,0.9038838796311792,-0.756187321914195,-5.9373239635229105,1.0,0.9212962962962963,5.083522312474894,0.0,11.237358331680298
elongation_pct,Exp2_BO,1.0,16.0,GP,0.5642726405824756,37.34115515158888,27.82910518064086,matern32,False,False,log1p,none,compact,-0.8239124969222,-1.2781138002604377,-5.697632666552333,1.0,0.9351851851851852,5.105287061098274,0.0,2.3945560455322266
elongation_pct,Exp2_BO,1.0,17.0,GP,0.6452844577028656,33.6915074280314,24.12341935436066,matern12,True,True,std,log,compact,-0.48660647816983627,-0.006892936216326806,-3.532001461486766,1.0,0.9305555555555556,5.137185889967249,0.0,59.22685623168945
elongation_pct,Exp2_BO,1.0,18.0,GP,0.5154728531485806,39.37670670991103,28.8268470722555,matern12,False,False,std,none,full_agg,-0.3507490140641025,-2.7980306626471454,-5.849637641862695,1.0,0.9259259259259259,5.161114361503509,0.0,3.074199676513672
elongation_pct,Exp2_BO,1.0,19.0,GP,0.6224126139239287,34.760744731000734,24.3386774393696,matern12,True,True,log1p,log,compact,-0.48660647816983627,-0.006892936216326806,-3.532001461486766,1.0,0.9259259259259259,5.180422684898803,0.0,55.79420709609985
elongation_pct,Exp2_BO,1.0,20.0,GP,0.5919472657264708,36.135867056689406,25.88216177467889,matern12,True,False,std,none,compact,-0.4168012502651275,-0.35666694864871396,-2.4761148013488232,1.0,0.9351851851851852,5.11364197704297,0.0,34.13754391670227
elongation_pct,Exp2_BO,1.0,21.0,GP,0.5823365372233464,36.55893838844906,26.858288675049803,rq,True,False,log1p,log,compact,0.9855324064599891,-0.7205169378937932,-3.0119517383627064,1.0,0.9398148148148148,5.174875540607986,0.0,4.314387559890747
elongation_pct,Exp2_BO,1.0,22.0,GP,0.5823840502914505,36.55685887122072,26.42829968764352,rq,False,True,log1p,none,compact,-0.18485360748682167,-2.9304543502583225,-5.741116460709367,1.0,0.9305555555555556,5.131941069613714,0.0,11.124605417251587
elongation_pct,Exp2_BO,1.0,23.0,GP,0.6176595764999395,34.97884315354267,25.403935507874568,matern52,True,True,std,log,compact,0.8196748156561957,-0.46400619086138395,-2.6908658581265823,1.0,0.9259259259259259,5.1749885610993545,0.0,65.96876668930054
elongation_pct,Exp2_BO,1.0,24.0,GP,0.649695233981965,33.481380516443934,24.024068486065925,matern12,True,True,std,log,compact,-0.48660647816983627,-0.006892936216326806,-4.660602622246218,1.0,0.9305555555555556,5.124944679154878,0.0,68.26061058044434
elongation_pct,Exp2_BO,1.0,25.0,GP,0.6258466245168219,34.60231596141521,25.204230759100483,matern12,True,True,std,none,compact,0.9948963290614146,-1.3760400414452563,-5.82340751953557,1.0,0.9305555555555556,5.0878524800607545,0.0,69.48498678207397
elongation_pct,Exp2_BO,1.0,26.0,GP,0.6299250552972218,34.41320923975009,24.608296406487035,rbf,True,True,std,log,compact,-0.48660647816983627,-0.006892936216326806,-4.660602622246218,1.0,0.9212962962962963,5.1664406508952245,0.0,29.497380256652832
elongation_pct,Exp2_BO,1.0,27.0,GP,0.5866949184044846,36.3676891353348,25.519308643522503,matern12,True,False,std,log,compact,-0.4663445006471365,-1.1296901468849168,-5.4390346191741585,1.0,0.9351851851851852,5.219409214875193,0.0,53.10531044006348
elongation_pct,Exp2_BO,1.0,28.0,GP,0.6376650961821482,34.05143506140183,24.303899319736367,matern12,True,True,std,log,compact,-1.0,-0.006892936216326806,-4.660602622246218,1.0,0.9305555555555556,5.129667378578956,0.0,46.53006362915039
elongation_pct,Exp2_BO,1.0,29.0,GP,0.5804734496368047,36.64038759489675,26.3917260032295,matern12,False,False,std,none,compact,0.9880335825928741,-0.8703455916864606,-5.410240444977115,1.0,0.9305555555555556,5.112331131987589,0.0,2.308413505554199
elongation_pct,Exp2_BO,2.0,0.0,GP,0.5846139561413508,36.459128571362186,26.314250415917936,rq,True,False,std,none,compact,-0.8161681157298062,-1.199698422103038,-3.0857578927528215,1.0,0.9305555555555556,5.121590597322497,0.0,6.008929967880249
elongation_pct,Exp2_BO,2.0,1.0,GP,0.5281304757698007,38.8589711908995,28.29559458028861,rq,True,True,std,log,full_agg,0.31486602975118516,-1.313203011658716,-5.3997509467786555,1.0,0.9212962962962963,5.184248084257706,0.0,24.76400327682495
elongation_pct,Exp2_BO,2.0,2.0,GP,0.6087643270805634,35.38339959773004,26.029977326697217,matern52,True,True,log1p,log,full_agg,0.2663687985482328,-0.09769214251897029,-3.267740710761499,1.0,0.9212962962962963,5.214879030560642,0.0,117.77420496940613
elongation_pct,Exp2_BO,2.0,3.0,GP,0.5945570835755091,36.0201230602057,25.792294035791546,matern12,True,False,std,none,full_agg,0.022131947139154118,-0.3263717714982626,-2.897744230109242,1.0,0.9212962962962963,5.1293996583716215,0.0,92.5581591129303
elongation_pct,Exp2_BO,2.0,4.0,GP,0.5012466128418105,39.95059600005678,29.157849184610477,rq,True,True,log1p,none,full_agg,0.3875176844044601,-2.6783780746392356,-5.581825766268234,1.0,0.9259259259259259,5.200511378476962,0.0,9.774218320846558
elongation_pct,Exp2_BO,2.0,5.0,GP,0.507496705343861,39.69948781150009,29.21047333298612,rq,True,False,log1p,log,full_cure6,0.6984726472288691,-1.0666911923834475,-4.373830409297854,1.0,0.9351851851851852,5.142910668221025,0.0,3.6875054836273193
elongation_pct,Exp2_BO,2.0,6.0,GP,0.5851353691874706,36.436238737951605,26.437372343121776,matern32,False,True,log1p,none,compact,-0.12362766768175004,-0.3232796701000713,-3.545132246389651,1.0,0.9351851851851852,5.095414813735134,0.0,7.827133655548096
elongation_pct,Exp2_BO,2.0,7.0,GP,0.4920844003104293,40.315876804017385,29.649726814995347,rbf,False,False,std,none,full_cure6,-0.3219492507013799,-1.4315144882287083,-5.135106435923943,1.0,0.9351851851851852,5.138375558291818,0.0,1.862170934677124
elongation_pct,Exp2_BO,2.0,8.0,GP,0.5984011381924609,35.84896076234416,25.498574652452405,matern52,False,True,std,none,compact,0.9949751384265748,-0.7345955528160788,-4.329358811579931,1.0,0.9305555555555556,5.086606537820568,0.0,8.921797037124634
elongation_pct,Exp2_BO,2.0,9.0,GP,0.5676914104861204,37.19437504651475,27.395251573812715,matern52,True,True,log1p,none,full,0.3433147062167734,-0.17652282209314896,-2.0841713584387933,1.0,0.9166666666666666,5.16908588484275,0.0,65.55995512008667
elongation_pct,Exp2_BO,2.0,10.0,GP,0.484619434971334,40.61106252615206,29.46097236796793,matern12,False,True,log1p,log,full_agg,-0.35985752937638726,-0.08077100645318591,-5.263148312126949,1.0,0.9166666666666666,5.2354318396724855,0.0,4.665544748306274
elongation_pct,Exp2_BO,2.0,11.0,GP,0.48780797250085384,40.485242104736365,29.126812664402255,rbf,True,True,std,log,full_agg,0.2830027788126881,-1.8249215087576927,-2.023391030051814,1.0,0.8981481481481481,5.315809283064664,0.0,61.77315020561218
elongation_pct,Exp2_BO,2.0,12.0,GP,0.5620706835517872,37.43538839092675,26.504985845212644,matern52,True,True,std,log,full_agg,0.8779357754379689,-1.5439208243115279,-5.979197169274361,1.0,0.9120370370370371,5.283044733294087,0.0,81.89673113822937
elongation_pct,Exp2_BO,2.0,13.0,GP,0.5290382698417159,38.82157427883497,28.29444661075352,matern52,False,True,std,log,full_agg,0.4043190282066067,-2.276996493547977,-2.0177832363708137,1.0,0.9212962962962963,5.177371420127616,0.0,8.029341220855713
elongation_pct,Exp2_BO,2.0,14.0,GP,0.5846095430268485,36.45932224407227,26.482117001678994,matern52,False,True,log1p,none,compact,0.5725167611158606,-2.949603134950183,-5.746514670739116,1.0,0.9351851851851852,5.089984325826968,0.0,5.604543685913086
elongation_pct,Exp2_BO,2.0,15.0,GP,0.5165960817212994,39.33103877880785,28.2166154517125,matern52,True,True,log1p,none,full,-0.8030009224428374,-2.1792013502853598,-4.0775670575148,1.0,0.9212962962962963,5.249308652785328,0.0,74.78695368766785
elongation_pct,Exp2_BO,2.0,16.0,GP,0.48625904349660365,40.54641196316243,29.442029989947,matern32,False,True,log1p,log,full_agg,0.971834033176989,-0.5849960444612234,-2.031323374180882,1.0,0.9166666666666666,5.224161035526027,0.0,12.454294681549072
elongation_pct,Exp2_BO,2.0,17.0,GP,0.5041187296520724,39.83540034641026,29.460026742267633,rq,False,False,std,log,full,-0.5998116262209656,-2.737738556569257,-3.590065561267977,1.0,0.9305555555555556,5.207080945145877,0.0,8.214898586273193
elongation_pct,Exp2_BO,2.0,18.0,GP,0.597895503961809,35.87152153313219,25.445076009433436,rq,False,True,std,none,compact,0.8708043407214117,-1.2341561263627123,-4.309402885269861,1.0,0.9305555555555556,5.117126256078398,0.0,13.04884958267212
elongation_pct,Exp2_BO,2.0,19.0,GP,0.6207997001111347,34.834908145249166,25.61257657494863,matern52,True,True,log1p,none,full_agg,0.2663687985482328,-0.09769214251897029,-3.267740710761499,1.0,0.9305555555555556,5.1048490974869845,0.0,82.21390867233276
elongation_pct,Exp2_BO,2.0,20.0,GP,0.6365437068683684,34.1040872017661,24.48941919064302,matern52,True,True,std,log,compact,-0.8479961952814188,-2.946142538678156,-2.2399855932984747,1.0,0.9259259259259259,5.1444395848371265,0.0,48.04951524734497
elongation_pct,Exp2_BO,2.0,21.0,GP,0.6008204065349482,35.74081894000722,25.982351873247698,matern52,True,False,log1p,log,compact,-0.6595254796271397,-1.7905905069423853,-2.460693103628782,1.0,0.9166666666666666,5.160109824098937,0.0,33.891749143600464
elongation_pct,Exp2_BO,2.0,22.0,GP,0.6260835053918672,34.591360661828695,24.489661786985582,matern52,True,True,log1p,log,compact,-0.9720407362940742,-1.370895584416934,-2.1543344146857804,1.0,0.9166666666666666,5.160931001916987,0.0,44.004398345947266
elongation_pct,Exp2_BO,2.0,23.0,GP,0.5908576502876033,36.18408135024709,25.813317029911232,rbf,True,True,log1p,log,compact,-0.20599559132464007,-2.9671983778602016,-4.686581601280173,1.0,0.9166666666666666,5.189281884283361,0.0,29.146425247192383
elongation_pct,Exp2_BO,2.0,24.0,GP,0.6286510756306076,34.47239193109058,24.50137912129608,matern52,True,True,std,none,compact,-0.8479961952814188,-2.946142538678156,-2.2399855932984747,1.0,0.9305555555555556,5.084864525365898,0.0,39.619582414627075
elongation_pct,Exp2_BO,2.0,25.0,GP,0.5901838727040813,36.21386315342982,25.559523447143377,rq,True,True,std,log,compact,-0.8479961952814188,-2.946142538678156,-2.2399855932984747,1.0,0.9212962962962963,5.166100251181625,0.0,7.656474828720093
elongation_pct,Exp2_BO,2.0,26.0,GP,0.5015470240848952,39.93856258206434,28.126702877847148,matern52,True,False,log1p,none,full_agg,-0.8188576570975119,-0.1014057726071309,-4.982847768776292,1.0,0.9120370370370371,5.188058496479249,0.0,109.80335736274719
elongation_pct,Exp2_BO,2.0,27.0,GP,0.6439975405539554,33.752568924561835,24.152655104422415,matern12,True,True,std,log,compact,-0.9543172579398838,-2.576810162393311,-2.0447525707954917,1.0,0.9305555555555556,5.137603539595432,0.0,82.46688222885132
elongation_pct,Exp2_BO,2.0,28.0,GP,0.6441406686524949,33.74578325982657,24.19537100828701,matern12,True,True,std,log,compact,-0.6365565689045289,-0.27870746686949754,-5.833101954607596,1.0,0.9305555555555556,5.127546333990189,0.0,68.62891745567322
elongation_pct,Exp2_BO,2.0,29.0,GP,0.595780047326391,35.96575711630196,25.602085749499597,matern12,False,True,std,log,compact,0.621627648894747,-1.2823286446532227,-4.171172722286779,1.0,0.9305555555555556,5.1506420685584695,0.0,10.091881036758423
elongation_pct,Exp3_robust,,,GP,0.6273137918759717,34.5180853688511,24.363284787897516,matern12,True,True,std,none,compact,-0.28993232049883555,-2.9695539734022574,-2.706758439569493,3.0,0.9342592592592593,5.042180683852736,0.023186374373896517,507.5809967517853
elongation_pct,Exp3_robust,,,GP,0.6301492788852464,34.398388901839965,24.214959870444638,matern12,True,True,std,log,compact,-0.48660647816983627,-0.006892936216326806,-4.660602622246218,3.0,0.9305555555555556,5.116162232536478,0.011932666963073562,416.18024611473083
elongation_pct,Exp3_robust,,,GP,0.625293751198344,34.62612457397334,24.62153935703227,matern52,True,True,std,log,compact,-0.8479961952814188,-2.946142538678156,-2.2399855932984747,3.0,0.9314814814814815,5.119817949734265,0.007517572140701374,316.02465534210205
