source_id,source_type,assignee,title,url,example_label,polymer_type,polymer_grade,cure_system,polymer_phr,carbon_black_phr,silica_phr,alumina_phr,barium_sulfate_phr,titanium_oxide_phr,fluororesin_phr,other_inorganic_filler_phr,organic_additive_phr,coagent_phr,peroxide_phr,nitrile_curative_phr,other_curative_phr,acid_acceptor_phr,processing_aid_phr,other_ingredients_note,hardness_shoreA,tensile_MPa,elongation_pct,m100_MPa,compression_set_pct,cs_condition,plasma_weight_loss_pct,plasma_condition,units_original,extraction_notes
KR100894110B1,patent,"M&E Co., Ltd. (주식회사 엠앤이)",Perfluoro rubbers for semiconductor sealing with improved elongation,https://patents.google.com/patent/KR100894110B1/en,Comparative Example 1,FFKM,perfluororubber raw material (unspecified),peroxide,100,0,0,0,10,10,0,0,0,3,1,0,0,5,0,TiO2; BaSO4; ZnO 5 (in acid_acceptor); TAIC 3; unspecified peroxide compound 1,,,186,,,,,,phr; elongation %,"White (non-black) FFKM/FKM seal compounds for semiconductor equipment. Only elongation at break reported (avg of 3 specimens, read from text; curves in Figs 1-3); BaSO4 varied to match hardness between compounds but hardness values not given. Peroxide/TAIC types not specified."
KR100894110B1,patent,"M&E Co., Ltd. (주식회사 엠앤이)",Perfluoro rubbers for semiconductor sealing with improved elongation,https://patents.google.com/patent/KR100894110B1/en,Comparative Example 2,FKM,ternary (terpolymer) fluororubber raw material (unspecified),peroxide,100,0,0,0,20,10,0,0,0,3,1,0,0,5,0,TiO2; BaSO4; ZnO 5 (in acid_acceptor); TAIC 3; unspecified peroxide compound 1,,,367,,,,,,phr; elongation %,"White (non-black) FFKM/FKM seal compounds for semiconductor equipment. Only elongation at break reported (avg of 3 specimens, read from text; curves in Figs 1-3); BaSO4 varied to match hardness between compounds but hardness values not given. Peroxide/TAIC types not specified."
KR100894110B1,patent,"M&E Co., Ltd. (주식회사 엠앤이)",Perfluoro rubbers for semiconductor sealing with improved elongation,https://patents.google.com/patent/KR100894110B1/en,Example 1,other,FFKM 70 / ternary FKM 30 blend (unspecified grades),peroxide,100,0,0,0,15,10,0,0,0,3,1,0,0,5,0,TiO2; BaSO4; ZnO 5 (in acid_acceptor); TAIC 3; unspecified peroxide compound 1,,,290,,,,,,phr; elongation %,"White (non-black) FFKM/FKM seal compounds for semiconductor equipment. Only elongation at break reported (avg of 3 specimens, read from text; curves in Figs 1-3); BaSO4 varied to match hardness between compounds but hardness values not given. Peroxide/TAIC types not specified."
KR102400335B1,patent,"M&E Co., Ltd. (주식회사 엠앤이)",Sealing material for semiconductor manufacturing apparatus with improved plasma resistance in oxygen-atmosphere and fluorine-atmosphere plasma processes,https://patents.google.com/patent/KR102400335B1/en,Comparative Example,FFKM,"TFE/perfluoroalkyl vinyl ether FFKM (commercial, unspecified)",,100,0,20.0,0,0,0,0,0.0,0,,,,5,0,0,other_curative = crosslink agent 3 + catalyst 2 phr (types not specified),75,,250,,29,"204C x 70h, 25% compression, AS214 O-ring",4.02,"O2 plasma, 300 mm parallel-plate, 150 sccm, RF 1100, 400 mTorr, 30 min",composition in wt% of total (converted to phr on FFKM; patent itself states crosslinker 3 phr + catalyst 2 phr); tensile/M100 units not stated,"wt%: FFKM 80, silica 16, Y-compound 0, crosslinker 2.4, catalyst 1.6. Tensile strength 120 and 100% modulus 50 reported WITHOUT units (likely kgf/cm2) -> left empty. Other CS (25%, 70h): 75C 35, 250C 33, 300C 37, 325C 59. NF3 plasma weight loss 5.12% (same conditions). Plasma values reported as weight reduction rate (assumed %)."
KR102400335B1,patent,"M&E Co., Ltd. (주식회사 엠앤이)",Sealing material for semiconductor manufacturing apparatus with improved plasma resistance in oxygen-atmosphere and fluorine-atmosphere plasma processes,https://patents.google.com/patent/KR102400335B1/en,Example 1,FFKM,"TFE/perfluoroalkyl vinyl ether FFKM (commercial, unspecified)",,100,0,0.0,0,0,0,0,5.06,0,,,,5,0,0,"yttrium compound filler (Y2O3/YOF/YF3/YAG, specific one not stated) in other_inorganic; other_curative = crosslink agent 3 + catalyst 2 phr (types not specified)",60,,227,,13,"204C x 70h, 25% compression, AS214 O-ring",2.66,"O2 plasma, 300 mm parallel-plate, 150 sccm, RF 1100, 400 mTorr, 30 min",composition in wt% of total (converted to phr on FFKM; patent itself states crosslinker 3 phr + catalyst 2 phr); tensile/M100 units not stated,"wt%: FFKM 90.9, silica 0, Y-compound 4.6, crosslinker 2.7, catalyst 1.8. Tensile strength 62 and 100% modulus 18 reported WITHOUT units (likely kgf/cm2) -> left empty. Other CS (25%, 70h): 75C 23, 250C 13, 300C 16, 325C 37. NF3 plasma weight loss 5.97% (same conditions). Plasma values reported as weight reduction rate (assumed %)."
KR102400335B1,patent,"M&E Co., Ltd. (주식회사 엠앤이)",Sealing material for semiconductor manufacturing apparatus with improved plasma resistance in oxygen-atmosphere and fluorine-atmosphere plasma processes,https://patents.google.com/patent/KR102400335B1/en,Example 2,FFKM,"TFE/perfluoroalkyl vinyl ether FFKM (commercial, unspecified)",,100,0,0.0,0,0,0,0,15.01,0,,,,5,0,0,"yttrium compound filler (Y2O3/YOF/YF3/YAG, specific one not stated) in other_inorganic; other_curative = crosslink agent 3 + catalyst 2 phr (types not specified)",62,,220,,13,"204C x 70h, 25% compression, AS214 O-ring",2.33,"O2 plasma, 300 mm parallel-plate, 150 sccm, RF 1100, 400 mTorr, 30 min",composition in wt% of total (converted to phr on FFKM; patent itself states crosslinker 3 phr + catalyst 2 phr); tensile/M100 units not stated,"wt%: FFKM 83.3, silica 0, Y-compound 12.5, crosslinker 2.5, catalyst 1.8. Tensile strength 70 and 100% modulus 19 reported WITHOUT units (likely kgf/cm2) -> left empty. Other CS (25%, 70h): 75C 23, 250C 15, 300C 18, 325C 37. NF3 plasma weight loss 4.68% (same conditions). Plasma values reported as weight reduction rate (assumed %)."
KR102400335B1,patent,"M&E Co., Ltd. (주식회사 엠앤이)",Sealing material for semiconductor manufacturing apparatus with improved plasma resistance in oxygen-atmosphere and fluorine-atmosphere plasma processes,https://patents.google.com/patent/KR102400335B1/en,Example 3,FFKM,"TFE/perfluoroalkyl vinyl ether FFKM (commercial, unspecified)",,100,0,0.0,0,0,0,0,29.96,0,,,,5,0,0,"yttrium compound filler (Y2O3/YOF/YF3/YAG, specific one not stated) in other_inorganic; other_curative = crosslink agent 3 + catalyst 2 phr (types not specified)",68,,210,,18,"204C x 70h, 25% compression, AS214 O-ring",1.81,"O2 plasma, 300 mm parallel-plate, 150 sccm, RF 1100, 400 mTorr, 30 min",composition in wt% of total (converted to phr on FFKM; patent itself states crosslinker 3 phr + catalyst 2 phr); tensile/M100 units not stated,"wt%: FFKM 74.1, silica 0, Y-compound 22.2, crosslinker 2.2, catalyst 1.5. Tensile strength 75 and 100% modulus 34 reported WITHOUT units (likely kgf/cm2) -> left empty. Other CS (25%, 70h): 75C 16, 250C 22, 300C 22, 325C 39. NF3 plasma weight loss 2.63% (same conditions). Plasma values reported as weight reduction rate (assumed %)."
KR102400335B1,patent,"M&E Co., Ltd. (주식회사 엠앤이)",Sealing material for semiconductor manufacturing apparatus with improved plasma resistance in oxygen-atmosphere and fluorine-atmosphere plasma processes,https://patents.google.com/patent/KR102400335B1/en,Example 4,FFKM,"TFE/perfluoroalkyl vinyl ether FFKM (commercial, unspecified)",,100,0,0.0,0,0,0,0,50.08,0,,,,5,0,0,"yttrium compound filler (Y2O3/YOF/YF3/YAG, specific one not stated) in other_inorganic; other_curative = crosslink agent 3 + catalyst 2 phr (types not specified)",75,,209,,24,"204C x 70h, 25% compression, AS214 O-ring",1.99,"O2 plasma, 300 mm parallel-plate, 150 sccm, RF 1100, 400 mTorr, 30 min",composition in wt% of total (converted to phr on FFKM; patent itself states crosslinker 3 phr + catalyst 2 phr); tensile/M100 units not stated,"wt%: FFKM 64.5, silica 0, Y-compound 32.3, crosslinker 1.9, catalyst 1.3. Tensile strength 118 and 100% modulus 57 reported WITHOUT units (likely kgf/cm2) -> left empty. Other CS (25%, 70h): 75C 22, 250C 26, 300C 27, 325C 45. NF3 plasma weight loss 1.81% (same conditions). Plasma values reported as weight reduction rate (assumed %)."
KR102400335B1,patent,"M&E Co., Ltd. (주식회사 엠앤이)",Sealing material for semiconductor manufacturing apparatus with improved plasma resistance in oxygen-atmosphere and fluorine-atmosphere plasma processes,https://patents.google.com/patent/KR102400335B1/en,Example 5,FFKM,"TFE/perfluoroalkyl vinyl ether FFKM (commercial, unspecified)",,100,0,0.0,0,0,0,0,69.93,0,,,,5,0,0,"yttrium compound filler (Y2O3/YOF/YF3/YAG, specific one not stated) in other_inorganic; other_curative = crosslink agent 3 + catalyst 2 phr (types not specified)",73,,201,,41,"204C x 70h, 25% compression, AS214 O-ring",1.57,"O2 plasma, 300 mm parallel-plate, 150 sccm, RF 1100, 400 mTorr, 30 min",composition in wt% of total (converted to phr on FFKM; patent itself states crosslinker 3 phr + catalyst 2 phr); tensile/M100 units not stated,"wt%: FFKM 57.2, silica 0, Y-compound 40, crosslinker 1.7, catalyst 1.1. Tensile strength 113 and 100% modulus 59 reported WITHOUT units (likely kgf/cm2) -> left empty. Other CS (25%, 70h): 75C 38, 250C 43, 300C 30, 325C 57. NF3 plasma weight loss 1.52% (same conditions). Plasma values reported as weight reduction rate (assumed %)."
KR102323568B1,patent,Chung-Ang University Industry-Academic Cooperation Foundation (중앙대학교 산학협력단),"Perfluoro elastomer composite with improved heat resistance, and method of fabricating the same",https://patents.google.com/patent/KR102323568B1/en,Example 1,FFKM,TFE/PMVE/cure-site-monomer terpolymer FFKM (unspecified grade),peroxide,100,20,0,0,0,0,0,5,0,,,0,0,0,0,"perfluoroalkyl-silane (nonafluorohexyl triethoxysilane) surface-modified ZrO2 5; table lists a single ""crosslinking agent"" 1 part",71,,185,6.3,48,"300C x 72h, 25% deflection (ASTM D395 B)",,,weight (g) per 100 g FFKM (= phr); MPa; %,"Table gives only one curative line ""crosslinking agent 1""; text says TAIC co-agent and t-butylperoxy isopropyl carbonate peroxide were used, so the split between coagent/peroxide is unknown (left empty). Press 180C x 10 min, post-cure 250C x 24h. Tensile strength not reported."
KR102323568B1,patent,Chung-Ang University Industry-Academic Cooperation Foundation (중앙대학교 산학협력단),"Perfluoro elastomer composite with improved heat resistance, and method of fabricating the same",https://patents.google.com/patent/KR102323568B1/en,Example 2,FFKM,TFE/PMVE/cure-site-monomer terpolymer FFKM (unspecified grade),peroxide,100,20,0,0,0,0,0,10,0,,,0,0,0,0,"perfluoroalkyl-silane (nonafluorohexyl triethoxysilane) surface-modified ZrO2 10; table lists a single ""crosslinking agent"" 1 part",75,,173,7.2,43,"300C x 72h, 25% deflection (ASTM D395 B)",,,weight (g) per 100 g FFKM (= phr); MPa; %,"Table gives only one curative line ""crosslinking agent 1""; text says TAIC co-agent and t-butylperoxy isopropyl carbonate peroxide were used, so the split between coagent/peroxide is unknown (left empty). Press 180C x 10 min, post-cure 250C x 24h. Tensile strength not reported."
KR102323568B1,patent,Chung-Ang University Industry-Academic Cooperation Foundation (중앙대학교 산학협력단),"Perfluoro elastomer composite with improved heat resistance, and method of fabricating the same",https://patents.google.com/patent/KR102323568B1/en,Example 3,FFKM,TFE/PMVE/cure-site-monomer terpolymer FFKM (unspecified grade),peroxide,100,20,0,0,0,0,0,15,0,,,0,0,0,0,"perfluoroalkyl-silane (nonafluorohexyl triethoxysilane) surface-modified ZrO2 15; table lists a single ""crosslinking agent"" 1 part",82,,154,8.3,40,"300C x 72h, 25% deflection (ASTM D395 B)",,,weight (g) per 100 g FFKM (= phr); MPa; %,"Table gives only one curative line ""crosslinking agent 1""; text says TAIC co-agent and t-butylperoxy isopropyl carbonate peroxide were used, so the split between coagent/peroxide is unknown (left empty). Press 180C x 10 min, post-cure 250C x 24h. Tensile strength not reported."
KR102323568B1,patent,Chung-Ang University Industry-Academic Cooperation Foundation (중앙대학교 산학협력단),"Perfluoro elastomer composite with improved heat resistance, and method of fabricating the same",https://patents.google.com/patent/KR102323568B1/en,Comparative Example 1,FFKM,TFE/PMVE/cure-site-monomer terpolymer FFKM (unspecified grade),peroxide,100,20,0,0,0,0,0,15,0,,,0,0,0,0,"unmodified zirconia (ZrO2) 15; table lists a single ""crosslinking agent"" 1 part",81,,142,8.2,55,"300C x 72h, 25% deflection (ASTM D395 B)",,,weight (g) per 100 g FFKM (= phr); MPa; %,"Table gives only one curative line ""crosslinking agent 1""; text says TAIC co-agent and t-butylperoxy isopropyl carbonate peroxide were used, so the split between coagent/peroxide is unknown (left empty). Press 180C x 10 min, post-cure 250C x 24h. Tensile strength not reported."
KR102713660B1,patent,"Hansung Tech Co., Ltd. (한성테크 주식회사)",Method for manufacturing perfluororubber and fluororubber composite with improved chemical resistance,https://patents.google.com/patent/KR102713660B1/en,Example 1,other,FFKM 60 g / FKM 40 g blend (grades not specified),,100,0,0,0,0,0,70.0,30.0,0,,,,,,,"PTFE (fluororesin); fullerene (C60) 30.0 (carbon nanomaterial, in other_inorganic)",77,,172,7.9,45,"300C x 72h, 25% deflection (ASTM D395 B)",,,grams (rubber total 100 g); converted to phr on FFKM+FKM total; MPa; %,"Composition table lists only FFKM, FKM, PTFE and fullerene/CNT/graphene; curatives not given (left empty). Process per text: filler (PTFE+fullerene) deposited on compounded rubber mixture (RF plasma, Ar/HMDSO), press 180C x 10 min, post-cure 250C x 24h; ASTM D412. Identical table also published in KR20240098438A and KR20250051188A (same applicant) - not duplicated. Tensile strength not reported."
KR102713660B1,patent,"Hansung Tech Co., Ltd. (한성테크 주식회사)",Method for manufacturing perfluororubber and fluororubber composite with improved chemical resistance,https://patents.google.com/patent/KR102713660B1/en,Example 2,other,FFKM 70 g / FKM 30 g blend (grades not specified),,100,0,0,0,0,0,80.0,40.0,0,,,,,,,"PTFE (fluororesin); fullerene (C60) 40.0 (carbon nanomaterial, in other_inorganic)",83,,160,8.0,42,"300C x 72h, 25% deflection (ASTM D395 B)",,,grams (rubber total 100 g); converted to phr on FFKM+FKM total; MPa; %,"Composition table lists only FFKM, FKM, PTFE and fullerene/CNT/graphene; curatives not given (left empty). Process per text: filler (PTFE+fullerene) deposited on compounded rubber mixture (RF plasma, Ar/HMDSO), press 180C x 10 min, post-cure 250C x 24h; ASTM D412. Identical table also published in KR20240098438A and KR20250051188A (same applicant) - not duplicated. Tensile strength not reported."
KR102713660B1,patent,"Hansung Tech Co., Ltd. (한성테크 주식회사)",Method for manufacturing perfluororubber and fluororubber composite with improved chemical resistance,https://patents.google.com/patent/KR102713660B1/en,Comparative Example 1,other,FFKM 30 g / FKM 60 g blend (grades not specified),,100,0,0,0,0,0,77.78,33.33,0,,,,,,,"PTFE (fluororesin); fullerene (C60) 33.33 (carbon nanomaterial, in other_inorganic)",78,,130,8.3,60,"300C x 72h, 25% deflection (ASTM D395 B)",,,grams (rubber total 90 g); converted to phr on FFKM+FKM total; MPa; %,"Composition table lists only FFKM, FKM, PTFE and fullerene/CNT/graphene; curatives not given (left empty). Process per text: filler (PTFE+fullerene) deposited on compounded rubber mixture (RF plasma, Ar/HMDSO), press 180C x 10 min, post-cure 250C x 24h; ASTM D412. Identical table also published in KR20240098438A and KR20250051188A (same applicant) - not duplicated. FFKM+FKM total = 90 g, so phr scaled by 100/90. Tensile strength not reported."
KR102713660B1,patent,"Hansung Tech Co., Ltd. (한성테크 주식회사)",Method for manufacturing perfluororubber and fluororubber composite with improved chemical resistance,https://patents.google.com/patent/KR102713660B1/en,Comparative Example 2,other,FFKM 60 g / FKM 40 g blend (grades not specified),,100,0,0,0,0,0,30.0,70.0,0,,,,,,,"PTFE (fluororesin); fullerene (C60) 70.0 (carbon nanomaterial, in other_inorganic)",50,,132,8.2,69,"300C x 72h, 25% deflection (ASTM D395 B)",,,grams (rubber total 100 g); converted to phr on FFKM+FKM total; MPa; %,"Composition table lists only FFKM, FKM, PTFE and fullerene/CNT/graphene; curatives not given (left empty). Process per text: filler (PTFE+fullerene) deposited on compounded rubber mixture (RF plasma, Ar/HMDSO), press 180C x 10 min, post-cure 250C x 24h; ASTM D412. Identical table also published in KR20240098438A and KR20250051188A (same applicant) - not duplicated. Tensile strength not reported."
KR102713660B1,patent,"Hansung Tech Co., Ltd. (한성테크 주식회사)",Method for manufacturing perfluororubber and fluororubber composite with improved chemical resistance,https://patents.google.com/patent/KR102713660B1/en,Comparative Example 3,other,FFKM 60 g / FKM 40 g blend (grades not specified),,100,0,0,0,0,0,7.0,3.0,0,,,,,,,"PTFE (fluororesin); fullerene (C60) 3.0 (carbon nanomaterial, in other_inorganic)",90,,138,8.3,72,"300C x 72h, 25% deflection (ASTM D395 B)",,,grams (rubber total 100 g); converted to phr on FFKM+FKM total; MPa; %,"Composition table lists only FFKM, FKM, PTFE and fullerene/CNT/graphene; curatives not given (left empty). Process per text: filler (PTFE+fullerene) deposited on compounded rubber mixture (RF plasma, Ar/HMDSO), press 180C x 10 min, post-cure 250C x 24h; ASTM D412. Identical table also published in KR20240098438A and KR20250051188A (same applicant) - not duplicated. Tensile strength not reported."
KR102713660B1,patent,"Hansung Tech Co., Ltd. (한성테크 주식회사)",Method for manufacturing perfluororubber and fluororubber composite with improved chemical resistance,https://patents.google.com/patent/KR102713660B1/en,Comparative Example 4,other,FFKM 60 g / FKM 40 g blend (grades not specified),,100,0,0,0,0,0,70.0,30.0,0,,,,,,,"PTFE (fluororesin); SWCNT 30.0 (carbon nanomaterial, in other_inorganic)",60,,140,8.5,60,"300C x 72h, 25% deflection (ASTM D395 B)",,,grams (rubber total 100 g); converted to phr on FFKM+FKM total; MPa; %,"Composition table lists only FFKM, FKM, PTFE and fullerene/CNT/graphene; curatives not given (left empty). Process per text: filler (PTFE+fullerene) deposited on compounded rubber mixture (RF plasma, Ar/HMDSO), press 180C x 10 min, post-cure 250C x 24h; ASTM D412. Identical table also published in KR20240098438A and KR20250051188A (same applicant) - not duplicated. Tensile strength not reported."
KR102713660B1,patent,"Hansung Tech Co., Ltd. (한성테크 주식회사)",Method for manufacturing perfluororubber and fluororubber composite with improved chemical resistance,https://patents.google.com/patent/KR102713660B1/en,Comparative Example 5,other,FFKM 60 g / FKM 40 g blend (grades not specified),,100,0,0,0,0,0,70.0,30.0,0,,,,,,,"PTFE (fluororesin); MWCNT 30.0 (carbon nanomaterial, in other_inorganic)",66,,132,8.3,57,"300C x 72h, 25% deflection (ASTM D395 B)",,,grams (rubber total 100 g); converted to phr on FFKM+FKM total; MPa; %,"Composition table lists only FFKM, FKM, PTFE and fullerene/CNT/graphene; curatives not given (left empty). Process per text: filler (PTFE+fullerene) deposited on compounded rubber mixture (RF plasma, Ar/HMDSO), press 180C x 10 min, post-cure 250C x 24h; ASTM D412. Identical table also published in KR20240098438A and KR20250051188A (same applicant) - not duplicated. Tensile strength not reported."
KR102713660B1,patent,"Hansung Tech Co., Ltd. (한성테크 주식회사)",Method for manufacturing perfluororubber and fluororubber composite with improved chemical resistance,https://patents.google.com/patent/KR102713660B1/en,Comparative Example 6,other,FFKM 60 g / FKM 40 g blend (grades not specified),,100,0,0,0,0,0,70.0,30.0,0,,,,,,,"PTFE (fluororesin); graphene 30.0 (carbon nanomaterial, in other_inorganic)",59,,131,8.2,59,"300C x 72h, 25% deflection (ASTM D395 B)",,,grams (rubber total 100 g); converted to phr on FFKM+FKM total; MPa; %,"Composition table lists only FFKM, FKM, PTFE and fullerene/CNT/graphene; curatives not given (left empty). Process per text: filler (PTFE+fullerene) deposited on compounded rubber mixture (RF plasma, Ar/HMDSO), press 180C x 10 min, post-cure 250C x 24h; ASTM D412. Identical table also published in KR20240098438A and KR20250051188A (same applicant) - not duplicated. Tensile strength not reported."
KR101467101B1,patent,"M&E Co., Ltd. (주식회사 엠앤이)",Compound for sealing (FFKM compound for semiconductor/LCD CVD equipment),https://patents.google.com/patent/KR101467101B1/en,Table 1 compound FFKM A,FFKM,"FFKM masterbatch ""FFKM A"" (raw gum unspecified)",,100,15.0,1.5,0,0,0.0,0,0,0,,,,1.5,0,0,silica = Aerosil R-972; carbon black N-550,73,11.65,270,4.93,43,"230C x 70h, 25% deformation (ASTM D395 B)",,,grams; tensile/M100 in psi (converted x0.00689476); CS %,"Formulations are blends of the patent's FFKM masterbatch compounds (Table 1): A = gum 100 + vulcanizing agent D 1.5 + Aerosil R-972 1.5 + N-550 15; B = gum 94 + liquid vulcanizing agent A 7.5 (contains 6 g gum) + R-972 1.5 + N-550 15; C = gum 94 + curatives E-18412 5.0/E-18600 2.5 (contain 6 g gum) + R-972 1.5 + TiO2 5.0; D = gum 100 + R-972 1.5 + N-550 3 + N-990 25. phr recomputed per 100 g total gum by arithmetic, assuming the separately added ""vulcanizing agent""/""accelerator"" contain no gum. Curative chemistries not identified (cure_system left empty); other_curative = masterbatch curative + added vulcanizing agent + accelerator (catalyst). ASTM D412 Die D. other CS: 230C x 168h 25% = 51; 300C x 70h 18% = 81; 300C x 168h 18% = 85. Crosslink density 0.8 mol%."
KR101467101B1,patent,"M&E Co., Ltd. (주식회사 엠앤이)",Compound for sealing (FFKM compound for semiconductor/LCD CVD equipment),https://patents.google.com/patent/KR101467101B1/en,Table 1 compound FFKM B,FFKM,"FFKM masterbatch ""FFKM B"" (raw gum unspecified)",,100,15.0,1.5,0,0,0.0,0,0,0,,,,1.5,0,0,silica = Aerosil R-972; carbon black N-550,77,13.17,155,8.34,18,"230C x 70h, 25% deformation (ASTM D395 B)",,,grams; tensile/M100 in psi (converted x0.00689476); CS %,"Formulations are blends of the patent's FFKM masterbatch compounds (Table 1): A = gum 100 + vulcanizing agent D 1.5 + Aerosil R-972 1.5 + N-550 15; B = gum 94 + liquid vulcanizing agent A 7.5 (contains 6 g gum) + R-972 1.5 + N-550 15; C = gum 94 + curatives E-18412 5.0/E-18600 2.5 (contain 6 g gum) + R-972 1.5 + TiO2 5.0; D = gum 100 + R-972 1.5 + N-550 3 + N-990 25. phr recomputed per 100 g total gum by arithmetic, assuming the separately added ""vulcanizing agent""/""accelerator"" contain no gum. Curative chemistries not identified (cure_system left empty); other_curative = masterbatch curative + added vulcanizing agent + accelerator (catalyst). ASTM D412 Die D. other CS: 230C x 168h 25% = 35; 300C x 70h 18% = 43; 300C x 168h 18% = 52. Crosslink density 1.3 mol%."
KR101467101B1,patent,"M&E Co., Ltd. (주식회사 엠앤이)",Compound for sealing (FFKM compound for semiconductor/LCD CVD equipment),https://patents.google.com/patent/KR101467101B1/en,Table 1 compound FFKM C,FFKM,"FFKM masterbatch ""FFKM C"" (raw gum unspecified)",,100,0.0,1.5,0,0,5.0,0,0,0,,,,1.5,0,0,silica = Aerosil R-972; carbon black N-550; TiO2 5.0,77,12.1,225,4.72,18,"230C x 70h, 25% deformation (ASTM D395 B)",,,grams; tensile/M100 in psi (converted x0.00689476); CS %,"Formulations are blends of the patent's FFKM masterbatch compounds (Table 1): A = gum 100 + vulcanizing agent D 1.5 + Aerosil R-972 1.5 + N-550 15; B = gum 94 + liquid vulcanizing agent A 7.5 (contains 6 g gum) + R-972 1.5 + N-550 15; C = gum 94 + curatives E-18412 5.0/E-18600 2.5 (contain 6 g gum) + R-972 1.5 + TiO2 5.0; D = gum 100 + R-972 1.5 + N-550 3 + N-990 25. phr recomputed per 100 g total gum by arithmetic, assuming the separately added ""vulcanizing agent""/""accelerator"" contain no gum. Curative chemistries not identified (cure_system left empty); other_curative = masterbatch curative + added vulcanizing agent + accelerator (catalyst). ASTM D412 Die D. Polymer F content 73.1% (NMR), Mooney 109 (ML1+10 121C). Crosslink density 1.3 mol%."
KR101467101B1,patent,"M&E Co., Ltd. (주식회사 엠앤이)",Compound for sealing (FFKM compound for semiconductor/LCD CVD equipment),https://patents.google.com/patent/KR101467101B1/en,Table 1 compound FFKM D,FFKM,"FFKM masterbatch ""FFKM D"" (raw gum unspecified)",,100,28.0,1.5,0,0,0.0,0,0,0,,,,,0,0,silica = Aerosil R-972; carbon black N-550/N-990,78,12.07,130,10.27,,,,,grams; tensile/M100 in psi (converted x0.00689476); CS %,"Formulations are blends of the patent's FFKM masterbatch compounds (Table 1): A = gum 100 + vulcanizing agent D 1.5 + Aerosil R-972 1.5 + N-550 15; B = gum 94 + liquid vulcanizing agent A 7.5 (contains 6 g gum) + R-972 1.5 + N-550 15; C = gum 94 + curatives E-18412 5.0/E-18600 2.5 (contain 6 g gum) + R-972 1.5 + TiO2 5.0; D = gum 100 + R-972 1.5 + N-550 3 + N-990 25. phr recomputed per 100 g total gum by arithmetic, assuming the separately added ""vulcanizing agent""/""accelerator"" contain no gum. Curative chemistries not identified (cure_system left empty); other_curative = masterbatch curative + added vulcanizing agent + accelerator (catalyst). ASTM D412 Die D. No CS reported. No curative listed in the D recipe (curative columns left empty). Crosslink density 1.9 mol%."
KR101467101B1,patent,"M&E Co., Ltd. (주식회사 엠앤이)",Compound for sealing (FFKM compound for semiconductor/LCD CVD equipment),https://patents.google.com/patent/KR101467101B1/en,Table 2 sample 1,FFKM,"FFKM masterbatch ""FFKM B"" 100 g",,100,15.0,1.5,0,0,0.0,0,0,0,,,,1.5,0,0,FFKM B compound 100 + accelerator (catalyst) 0; silica = Aerosil R-972; carbon black N-550,55,7.92,223.2,1.83,,,,,parts per 100 g compound; kgf/cm2 converted x0.0980665; CS %,"Formulations are blends of the patent's FFKM masterbatch compounds (Table 1): A = gum 100 + vulcanizing agent D 1.5 + Aerosil R-972 1.5 + N-550 15; B = gum 94 + liquid vulcanizing agent A 7.5 (contains 6 g gum) + R-972 1.5 + N-550 15; C = gum 94 + curatives E-18412 5.0/E-18600 2.5 (contain 6 g gum) + R-972 1.5 + TiO2 5.0; D = gum 100 + R-972 1.5 + N-550 3 + N-990 25. phr recomputed per 100 g total gum by arithmetic, assuming the separately added ""vulcanizing agent""/""accelerator"" contain no gum. Curative chemistries not identified (cure_system left empty); other_curative = masterbatch curative + added vulcanizing agent + accelerator (catalyst). CS 300C x 72h 25%: specimen cracked (no value). ASTM D412 Die D."
KR101467101B1,patent,"M&E Co., Ltd. (주식회사 엠앤이)",Compound for sealing (FFKM compound for semiconductor/LCD CVD equipment),https://patents.google.com/patent/KR101467101B1/en,Table 2 sample 2,FFKM,"FFKM masterbatch ""FFKM B"" 100 g",,100,15.0,1.5,0,0,0.0,0,0,0,,,,1.68,0,0,FFKM B compound 100 + accelerator (catalyst) 0.15; silica = Aerosil R-972; carbon black N-550,58,9.32,239.9,1.76,,,,,parts per 100 g compound; kgf/cm2 converted x0.0980665; CS %,"Formulations are blends of the patent's FFKM masterbatch compounds (Table 1): A = gum 100 + vulcanizing agent D 1.5 + Aerosil R-972 1.5 + N-550 15; B = gum 94 + liquid vulcanizing agent A 7.5 (contains 6 g gum) + R-972 1.5 + N-550 15; C = gum 94 + curatives E-18412 5.0/E-18600 2.5 (contain 6 g gum) + R-972 1.5 + TiO2 5.0; D = gum 100 + R-972 1.5 + N-550 3 + N-990 25. phr recomputed per 100 g total gum by arithmetic, assuming the separately added ""vulcanizing agent""/""accelerator"" contain no gum. Curative chemistries not identified (cure_system left empty); other_curative = masterbatch curative + added vulcanizing agent + accelerator (catalyst). CS 300C x 72h 25%: specimen cracked (no value). ASTM D412 Die D."
KR101467101B1,patent,"M&E Co., Ltd. (주식회사 엠앤이)",Compound for sealing (FFKM compound for semiconductor/LCD CVD equipment),https://patents.google.com/patent/KR101467101B1/en,Table 2 sample 3,FFKM,"FFKM masterbatch ""FFKM B"" 100 g",,100,15.0,1.5,0,0,0.0,0,0,0,,,,2.68,0,0,FFKM B compound 100 + accelerator (catalyst) 1; silica = Aerosil R-972; carbon black N-550,65,8.8,235.4,1.89,,,,,parts per 100 g compound; kgf/cm2 converted x0.0980665; CS %,"Formulations are blends of the patent's FFKM masterbatch compounds (Table 1): A = gum 100 + vulcanizing agent D 1.5 + Aerosil R-972 1.5 + N-550 15; B = gum 94 + liquid vulcanizing agent A 7.5 (contains 6 g gum) + R-972 1.5 + N-550 15; C = gum 94 + curatives E-18412 5.0/E-18600 2.5 (contain 6 g gum) + R-972 1.5 + TiO2 5.0; D = gum 100 + R-972 1.5 + N-550 3 + N-990 25. phr recomputed per 100 g total gum by arithmetic, assuming the separately added ""vulcanizing agent""/""accelerator"" contain no gum. Curative chemistries not identified (cure_system left empty); other_curative = masterbatch curative + added vulcanizing agent + accelerator (catalyst). CS 300C x 72h 25%: specimen cracked (no value). ASTM D412 Die D."
KR101467101B1,patent,"M&E Co., Ltd. (주식회사 엠앤이)",Compound for sealing (FFKM compound for semiconductor/LCD CVD equipment),https://patents.google.com/patent/KR101467101B1/en,Example 1 (Table 2 sample 4),FFKM,"FFKM masterbatch ""FFKM B"" 100 g",,100,15.0,1.5,0,0,0.0,0,0,0,,,,3.86,0,0,FFKM B compound 100 + accelerator (catalyst) 2; silica = Aerosil R-972; carbon black N-550,64,9.21,226.9,1.81,22.7,"300C x 72h, 25% deformation (ASTM D395 B)",,,parts per 100 g compound; kgf/cm2 converted x0.0980665; CS %,"Formulations are blends of the patent's FFKM masterbatch compounds (Table 1): A = gum 100 + vulcanizing agent D 1.5 + Aerosil R-972 1.5 + N-550 15; B = gum 94 + liquid vulcanizing agent A 7.5 (contains 6 g gum) + R-972 1.5 + N-550 15; C = gum 94 + curatives E-18412 5.0/E-18600 2.5 (contain 6 g gum) + R-972 1.5 + TiO2 5.0; D = gum 100 + R-972 1.5 + N-550 3 + N-990 25. phr recomputed per 100 g total gum by arithmetic, assuming the separately added ""vulcanizing agent""/""accelerator"" contain no gum. Curative chemistries not identified (cure_system left empty); other_curative = masterbatch curative + added vulcanizing agent + accelerator (catalyst). ASTM D412 Die D."
KR101467101B1,patent,"M&E Co., Ltd. (주식회사 엠앤이)",Compound for sealing (FFKM compound for semiconductor/LCD CVD equipment),https://patents.google.com/patent/KR101467101B1/en,Table 2 sample 5,FFKM,"FFKM masterbatch ""FFKM B"" 100 g",,100,15.0,1.5,0,0,0.0,0,0,0,,,,2.68,0,0,FFKM B compound 100 + accelerator (catalyst) 1; silica = Aerosil R-972; carbon black N-550,67,9.95,213.9,2.03,,,,,parts per 100 g compound; kgf/cm2 converted x0.0980665; CS %,"Formulations are blends of the patent's FFKM masterbatch compounds (Table 1): A = gum 100 + vulcanizing agent D 1.5 + Aerosil R-972 1.5 + N-550 15; B = gum 94 + liquid vulcanizing agent A 7.5 (contains 6 g gum) + R-972 1.5 + N-550 15; C = gum 94 + curatives E-18412 5.0/E-18600 2.5 (contain 6 g gum) + R-972 1.5 + TiO2 5.0; D = gum 100 + R-972 1.5 + N-550 3 + N-990 25. phr recomputed per 100 g total gum by arithmetic, assuming the separately added ""vulcanizing agent""/""accelerator"" contain no gum. Curative chemistries not identified (cure_system left empty); other_curative = masterbatch curative + added vulcanizing agent + accelerator (catalyst). CS 300C x 72h 25%: specimen cracked (no value). ASTM D412 Die D."
KR101467101B1,patent,"M&E Co., Ltd. (주식회사 엠앤이)",Compound for sealing (FFKM compound for semiconductor/LCD CVD equipment),https://patents.google.com/patent/KR101467101B1/en,Comparative Example 1 (Table 3 sample 1),FFKM,"FFKM masterbatch ""FFKM D"" 100 g",,100,28.0,1.5,0,0,0.0,0,0,0,,,,,0,0,FFKM D compound 100 + vulcanizing agent 0 + accelerator 0; silica = Aerosil R-972; carbon black N-550/N-990,67,8.61,171.5,2.58,,,,,parts per 100 g compound; kgf/cm2 converted x0.0980665,"Formulations are blends of the patent's FFKM masterbatch compounds (Table 1): A = gum 100 + vulcanizing agent D 1.5 + Aerosil R-972 1.5 + N-550 15; B = gum 94 + liquid vulcanizing agent A 7.5 (contains 6 g gum) + R-972 1.5 + N-550 15; C = gum 94 + curatives E-18412 5.0/E-18600 2.5 (contain 6 g gum) + R-972 1.5 + TiO2 5.0; D = gum 100 + R-972 1.5 + N-550 3 + N-990 25. phr recomputed per 100 g total gum by arithmetic, assuming the separately added ""vulcanizing agent""/""accelerator"" contain no gum. Curative chemistries not identified (cure_system left empty); other_curative = masterbatch curative + added vulcanizing agent + accelerator (catalyst). CS 300C x 72h 25%: all Table 3 specimens cracked. ASTM D412 Die D."
KR101467101B1,patent,"M&E Co., Ltd. (주식회사 엠앤이)",Compound for sealing (FFKM compound for semiconductor/LCD CVD equipment),https://patents.google.com/patent/KR101467101B1/en,Comparative Example 1 (Table 3 sample 2),FFKM,"FFKM masterbatch ""FFKM D"" 100 g",,100,28.0,1.5,0,0,0.0,0,0,0,,,,0.19,0,0,FFKM D compound 100 + vulcanizing agent 0 + accelerator 0.15; silica = Aerosil R-972; carbon black N-550/N-990,67,9.36,156.1,3.16,,,,,parts per 100 g compound; kgf/cm2 converted x0.0980665,"Formulations are blends of the patent's FFKM masterbatch compounds (Table 1): A = gum 100 + vulcanizing agent D 1.5 + Aerosil R-972 1.5 + N-550 15; B = gum 94 + liquid vulcanizing agent A 7.5 (contains 6 g gum) + R-972 1.5 + N-550 15; C = gum 94 + curatives E-18412 5.0/E-18600 2.5 (contain 6 g gum) + R-972 1.5 + TiO2 5.0; D = gum 100 + R-972 1.5 + N-550 3 + N-990 25. phr recomputed per 100 g total gum by arithmetic, assuming the separately added ""vulcanizing agent""/""accelerator"" contain no gum. Curative chemistries not identified (cure_system left empty); other_curative = masterbatch curative + added vulcanizing agent + accelerator (catalyst). CS 300C x 72h 25%: all Table 3 specimens cracked. Samples 2 and 3 have identical listed recipes. ASTM D412 Die D."
KR101467101B1,patent,"M&E Co., Ltd. (주식회사 엠앤이)",Compound for sealing (FFKM compound for semiconductor/LCD CVD equipment),https://patents.google.com/patent/KR101467101B1/en,Comparative Example 1 (Table 3 sample 3),FFKM,"FFKM masterbatch ""FFKM D"" 100 g",,100,28.0,1.5,0,0,0.0,0,0,0,,,,0.19,0,0,FFKM D compound 100 + vulcanizing agent 0 + accelerator 0.15; silica = Aerosil R-972; carbon black N-550/N-990,67,9.17,156.7,3.03,,,,,parts per 100 g compound; kgf/cm2 converted x0.0980665,"Formulations are blends of the patent's FFKM masterbatch compounds (Table 1): A = gum 100 + vulcanizing agent D 1.5 + Aerosil R-972 1.5 + N-550 15; B = gum 94 + liquid vulcanizing agent A 7.5 (contains 6 g gum) + R-972 1.5 + N-550 15; C = gum 94 + curatives E-18412 5.0/E-18600 2.5 (contain 6 g gum) + R-972 1.5 + TiO2 5.0; D = gum 100 + R-972 1.5 + N-550 3 + N-990 25. phr recomputed per 100 g total gum by arithmetic, assuming the separately added ""vulcanizing agent""/""accelerator"" contain no gum. Curative chemistries not identified (cure_system left empty); other_curative = masterbatch curative + added vulcanizing agent + accelerator (catalyst). CS 300C x 72h 25%: all Table 3 specimens cracked. Samples 2 and 3 have identical listed recipes. ASTM D412 Die D."
KR101467101B1,patent,"M&E Co., Ltd. (주식회사 엠앤이)",Compound for sealing (FFKM compound for semiconductor/LCD CVD equipment),https://patents.google.com/patent/KR101467101B1/en,Comparative Example 1 (Table 3 sample 4),FFKM,"FFKM masterbatch ""FFKM D"" 100 g",,100,28.0,1.5,0,0,0.0,0,0,0,,,,2.59,0,0,FFKM D compound 100 + vulcanizing agent 1 + accelerator 1; silica = Aerosil R-972; carbon black N-550/N-990,67,8.16,141.6,3.32,,,,,parts per 100 g compound; kgf/cm2 converted x0.0980665,"Formulations are blends of the patent's FFKM masterbatch compounds (Table 1): A = gum 100 + vulcanizing agent D 1.5 + Aerosil R-972 1.5 + N-550 15; B = gum 94 + liquid vulcanizing agent A 7.5 (contains 6 g gum) + R-972 1.5 + N-550 15; C = gum 94 + curatives E-18412 5.0/E-18600 2.5 (contain 6 g gum) + R-972 1.5 + TiO2 5.0; D = gum 100 + R-972 1.5 + N-550 3 + N-990 25. phr recomputed per 100 g total gum by arithmetic, assuming the separately added ""vulcanizing agent""/""accelerator"" contain no gum. Curative chemistries not identified (cure_system left empty); other_curative = masterbatch curative + added vulcanizing agent + accelerator (catalyst). CS 300C x 72h 25%: all Table 3 specimens cracked. ASTM D412 Die D."
KR101467101B1,patent,"M&E Co., Ltd. (주식회사 엠앤이)",Compound for sealing (FFKM compound for semiconductor/LCD CVD equipment),https://patents.google.com/patent/KR101467101B1/en,Example 2,FFKM,"FFKM masterbatch blend ""FFKM B"" 100 g",,100,15.0,3.86,0,0,0.0,0,0,0,,,,7.05,0,0,compound(s) 100 + vulcanizing agent 2.7 + Aerosil R-972 2 + accelerator 2; carbon black N-550,71,10.97,214.1,2.56,22.7,"300C x 72h, 25% deformation (ASTM D395 B)",6.2,"O2 plasma, chamber 200C, RF 1200 W, 200 sccm, 150 mTorr, 60 min",parts per 100 g compound; kgf/cm2 converted x0.0980665; CS %; plasma weight change %,"Formulations are blends of the patent's FFKM masterbatch compounds (Table 1): A = gum 100 + vulcanizing agent D 1.5 + Aerosil R-972 1.5 + N-550 15; B = gum 94 + liquid vulcanizing agent A 7.5 (contains 6 g gum) + R-972 1.5 + N-550 15; C = gum 94 + curatives E-18412 5.0/E-18600 2.5 (contain 6 g gum) + R-972 1.5 + TiO2 5.0; D = gum 100 + R-972 1.5 + N-550 3 + N-990 25. phr recomputed per 100 g total gum by arithmetic, assuming the separately added ""vulcanizing agent""/""accelerator"" contain no gum. Curative chemistries not identified (cure_system left empty); other_curative = masterbatch curative + added vulcanizing agent + accelerator (catalyst). Plasma weight loss other gases: NF3 72.2%, CF4 13.1%, SF6 8.1% (avg of 3). ASTM D412 Die D. Tables 7-8 (blends of A/B/C/D with 6.5-13 parts vulcanizing agent, incl. Comparative Example 3) omitted because the gum content of that vulcanizing agent is unknown."
KR101467101B1,patent,"M&E Co., Ltd. (주식회사 엠앤이)",Compound for sealing (FFKM compound for semiconductor/LCD CVD equipment),https://patents.google.com/patent/KR101467101B1/en,Comparative Example 2,FFKM,"FFKM masterbatch blend ""FFKM D"" 100 g",,100,28.0,4.09,0,0,0.0,0,0,0,,,,6.09,0,0,compound(s) 100 + vulcanizing agent 2.7 + Aerosil R-972 2 + accelerator 2; carbon black N-550/N-990,75,10.96,148.8,4.27,,,4.6,"O2 plasma, chamber 200C, RF 1200 W, 200 sccm, 150 mTorr, 60 min",parts per 100 g compound; kgf/cm2 converted x0.0980665; CS %; plasma weight change %,"Formulations are blends of the patent's FFKM masterbatch compounds (Table 1): A = gum 100 + vulcanizing agent D 1.5 + Aerosil R-972 1.5 + N-550 15; B = gum 94 + liquid vulcanizing agent A 7.5 (contains 6 g gum) + R-972 1.5 + N-550 15; C = gum 94 + curatives E-18412 5.0/E-18600 2.5 (contain 6 g gum) + R-972 1.5 + TiO2 5.0; D = gum 100 + R-972 1.5 + N-550 3 + N-990 25. phr recomputed per 100 g total gum by arithmetic, assuming the separately added ""vulcanizing agent""/""accelerator"" contain no gum. Curative chemistries not identified (cure_system left empty); other_curative = masterbatch curative + added vulcanizing agent + accelerator (catalyst). CS specimen cracked. Plasma weight loss other gases: NF3 15.5%, CF4 12.0%, SF6 4.8% (avg of 3). ASTM D412 Die D. Tables 7-8 (blends of A/B/C/D with 6.5-13 parts vulcanizing agent, incl. Comparative Example 3) omitted because the gum content of that vulcanizing agent is unknown."
KR101467101B1,patent,"M&E Co., Ltd. (주식회사 엠앤이)",Compound for sealing (FFKM compound for semiconductor/LCD CVD equipment),https://patents.google.com/patent/KR101467101B1/en,Example 3,FFKM,"FFKM masterbatch blend ""FFKM B"" 50 g + ""FFKM D"" 50 g",,100,21.2,3.97,0,0,0.0,0,0,0,,,,6.59,0,0,compound(s) 100 + vulcanizing agent 2.7 + Aerosil R-972 2 + accelerator 2; carbon black N-550/N-990,74,13.71,213.2,2.79,21.96,"300C x 72h, 25% deformation (ASTM D395 B)",3.6,"O2 plasma, chamber 200C, RF 1200 W, 200 sccm, 150 mTorr, 60 min",parts per 100 g compound; kgf/cm2 converted x0.0980665; CS %; plasma weight change %,"Formulations are blends of the patent's FFKM masterbatch compounds (Table 1): A = gum 100 + vulcanizing agent D 1.5 + Aerosil R-972 1.5 + N-550 15; B = gum 94 + liquid vulcanizing agent A 7.5 (contains 6 g gum) + R-972 1.5 + N-550 15; C = gum 94 + curatives E-18412 5.0/E-18600 2.5 (contain 6 g gum) + R-972 1.5 + TiO2 5.0; D = gum 100 + R-972 1.5 + N-550 3 + N-990 25. phr recomputed per 100 g total gum by arithmetic, assuming the separately added ""vulcanizing agent""/""accelerator"" contain no gum. Curative chemistries not identified (cure_system left empty); other_curative = masterbatch curative + added vulcanizing agent + accelerator (catalyst). Plasma weight loss other gases: NF3 18.6%, CF4 13.1%, SF6 5.0% (avg of 3). ASTM D412 Die D. Tables 7-8 (blends of A/B/C/D with 6.5-13 parts vulcanizing agent, incl. Comparative Example 3) omitted because the gum content of that vulcanizing agent is unknown."
KR102796110B1,patent,"DYFLEX Co., Ltd. (디와이플렉스 주식회사)",Fluororubber-based composition for sealing,https://patents.google.com/patent/KR102796110B1/en,Example 1,FKM,"Solvay Tecnoflon VPL85540 (FKM, low-temperature grade)",peroxide,100,30,0,0,0,0,0,30,0,3,2,0,0,5,1.2,CaSiO3 (TREMIN 283 600AST) 20; sodium aluminosilicate Tixolex 17 10; carbon black FEF N550; ZnO 5; TAIC-50 3 (50% active); Perhexa 25B-40 2 (40% active); Struktol HT-290 1.2,88,17.4,155,12.3,,,,,parts by weight; MPa; %,"O-ring for vehicle high-pressure fuel injector (low temperature/high pressure), not semiconductor. Hardness IRHD 90; TR10 -40.6 C. Leak test at -40C: Example 1 passed 750 and 600 bar. KS M 6518 testing. No CS reported."
KR102796110B1,patent,"DYFLEX Co., Ltd. (디와이플렉스 주식회사)",Fluororubber-based composition for sealing,https://patents.google.com/patent/KR102796110B1/en,Comparative Example 1,FKM,"Solvay Tecnoflon VPL85540 (FKM, low-temperature grade)",peroxide,100,30,0,0,0,0,0,30,0,3,2,0,0,5,1.2,CaSiO3 (TREMIN 283 600AST) 0; sodium aluminosilicate Tixolex 17 30; carbon black FEF N550; ZnO 5; TAIC-50 3 (50% active); Perhexa 25B-40 2 (40% active); Struktol HT-290 1.2,86,16.2,165,9.9,,,,,parts by weight; MPa; %,"O-ring for vehicle high-pressure fuel injector (low temperature/high pressure), not semiconductor. Hardness IRHD 88; TR10 -40.5 C. Leak test at -40C: Example 1 passed 750 and 600 bar. KS M 6518 testing. No CS reported."
KR102796110B1,patent,"DYFLEX Co., Ltd. (디와이플렉스 주식회사)",Fluororubber-based composition for sealing,https://patents.google.com/patent/KR102796110B1/en,Comparative Example 2,FKM,"Solvay Tecnoflon VPL85540 (FKM, low-temperature grade)",peroxide,100,30,0,0,0,0,0,30,0,3,2,0,0,5,1.2,CaSiO3 (TREMIN 283 600AST) 30; sodium aluminosilicate Tixolex 17 0; carbon black FEF N550; ZnO 5; TAIC-50 3 (50% active); Perhexa 25B-40 2 (40% active); Struktol HT-290 1.2,83,14.2,175,7.8,,,,,parts by weight; MPa; %,"O-ring for vehicle high-pressure fuel injector (low temperature/high pressure), not semiconductor. Hardness IRHD 85; TR10 -40.4 C. Leak test at -40C: Example 1 passed 750 and 600 bar. KS M 6518 testing. No CS reported."
KR102796110B1,patent,"DYFLEX Co., Ltd. (디와이플렉스 주식회사)",Fluororubber-based composition for sealing,https://patents.google.com/patent/KR102796110B1/en,Comparative Example 3,FKM,"Solvay Tecnoflon VPL85540 (FKM, low-temperature grade)",peroxide,100,20,0,0,0,0,0,30,0,3,2,0,0,5,1.2,CaSiO3 (TREMIN 283 600AST) 20; sodium aluminosilicate Tixolex 17 10; carbon black FEF N550; ZnO 5; TAIC-50 3 (50% active); Perhexa 25B-40 2 (40% active); Struktol HT-290 1.2,79,14.0,180,7.5,,,,,parts by weight; MPa; %,"O-ring for vehicle high-pressure fuel injector (low temperature/high pressure), not semiconductor. Hardness IRHD 82; TR10 -40.5 C. Leak test at -40C: Example 1 passed 750 and 600 bar. KS M 6518 testing. No CS reported."
KR102796110B1,patent,"DYFLEX Co., Ltd. (디와이플렉스 주식회사)",Fluororubber-based composition for sealing,https://patents.google.com/patent/KR102796110B1/en,Comparative Example 4,FKM,Solvay Tecnoflon PL958 (FKM),peroxide,100,30,0,0,0,0,0,30,0,3,2,0,0,5,1.2,CaSiO3 (TREMIN 283 600AST) 20; sodium aluminosilicate Tixolex 17 10; carbon black FEF N550; ZnO 5; TAIC-50 3 (50% active); Perhexa 25B-40 2 (40% active); Struktol HT-290 1.2,92,22.1,182,16.1,,,,,parts by weight; MPa; %,"O-ring for vehicle high-pressure fuel injector (low temperature/high pressure), not semiconductor. Hardness IRHD 94; TR10 -24.3 C. Leak test at -40C: Example 1 passed 750 and 600 bar. KS M 6518 testing. No CS reported."
KR102324534B1,patent,SHPP Global Technologies B.V.,"Composite material comprising fluoroelastomer and polyimide, method for producing the composite material, and article comprising the composite material",https://patents.google.com/patent/KR102324534B1/en,Comparative Example 1,FKM,FKM terpolymer TFE/VDF/HFP (unspecified grade),bisphenol,100,0,0,0,0,0,0,0,0,0,0,0,2.5,,,bisphenol AF 2.5 phr (vulcanizing agent),73,15.22,223,6.79,,,,,phr; MPa; %,"Neat FKM reference. Only FKM + bisphenol AF listed (accelerator/acid acceptor not listed -> left empty). Cure 170C x 10 min, post-cure 200C x 16h. Density 2.12. Automotive seal application."
KR102324534B1,patent,SHPP Global Technologies B.V.,"Composite material comprising fluoroelastomer and polyimide, method for producing the composite material, and article comprising the composite material",https://patents.google.com/patent/KR102324534B1/en,Example 2,FKM,FKM terpolymer TFE/VDF/HFP (unspecified grade),bisphenol,100,0,0,0,0,0,0,0,10,0,0,0,2.5,,,polyetherimide powder ULTEM 1000F3SP-1000 10 (organic); bisphenol AF 2.5,81,16.28,193,9.09,,,,,phr; MPa; %,"FKM/PEI composite. Only FKM, PEI, bisphenol AF listed. Cure 170C x 10 min, post-cure 200C x 16h. Density 2.07. Automotive seal application."
KR102324534B1,patent,SHPP Global Technologies B.V.,"Composite material comprising fluoroelastomer and polyimide, method for producing the composite material, and article comprising the composite material",https://patents.google.com/patent/KR102324534B1/en,Comparative Example 3,FKM,DuPont Viton A401C (VDF/HFP precompound with curative) 80 + CG2602 FKM 20,,100,0,0,0,0,0,0,30,0,0,0,0,,9,1,CaSiO3 600EST 30; MgO MA150 3 + Ca(OH)2 6 (acid acceptor 9); C-WAX 1,71,12.41,197,7.04,23.02,200C x 70h (method cited as ASTM D623; specimen not stated),,,phr; MPa; % (table header for elongation mislabeled MPa),"Curative is pre-incorporated in Viton A401C precompound (type/amount not stated in doc; left empty). Automotive transmission seal application. Heat-aged (250C x 70h), fuel C and engine-oil immersion data also reported for CE3/Ex6/Ex7 (not recorded)."
KR102324534B1,patent,SHPP Global Technologies B.V.,"Composite material comprising fluoroelastomer and polyimide, method for producing the composite material, and article comprising the composite material",https://patents.google.com/patent/KR102324534B1/en,Example 4,FKM,DuPont Viton A401C (VDF/HFP precompound with curative) 80 + CG2602 FKM 20,,100,0,0,0,0,0,0,20,8,0,0,0,,9,1,CaSiO3 600EST 20; MgO MA150 3 + Ca(OH)2 6 (acid acceptor 9); C-WAX 1; PEI ULTEM 1000FP-1000 8,73,11.71,256,5.82,28.78,200C x 70h (method cited as ASTM D623; specimen not stated),,,phr; MPa; % (table header for elongation mislabeled MPa),"Curative is pre-incorporated in Viton A401C precompound (type/amount not stated in doc; left empty). Automotive transmission seal application. Heat-aged (250C x 70h), fuel C and engine-oil immersion data also reported for CE3/Ex6/Ex7 (not recorded)."
KR102324534B1,patent,SHPP Global Technologies B.V.,"Composite material comprising fluoroelastomer and polyimide, method for producing the composite material, and article comprising the composite material",https://patents.google.com/patent/KR102324534B1/en,Example 5,FKM,DuPont Viton A401C (VDF/HFP precompound with curative) 80 + CG2602 FKM 20,,100,0,0,0,0,0,0,20,8,0,0,0,,9,1,CaSiO3 600EST 20; MgO MA150 3 + Ca(OH)2 6 (acid acceptor 9); C-WAX 1; PEI-siloxane STM1700FP 8,73,13.7,255,5.81,43.88,200C x 70h (method cited as ASTM D623; specimen not stated),,,phr; MPa; % (table header for elongation mislabeled MPa),"Curative is pre-incorporated in Viton A401C precompound (type/amount not stated in doc; left empty). Automotive transmission seal application. Heat-aged (250C x 70h), fuel C and engine-oil immersion data also reported for CE3/Ex6/Ex7 (not recorded)."
KR102324534B1,patent,SHPP Global Technologies B.V.,"Composite material comprising fluoroelastomer and polyimide, method for producing the composite material, and article comprising the composite material",https://patents.google.com/patent/KR102324534B1/en,Example 6,FKM,DuPont Viton A401C (VDF/HFP precompound with curative) 80 + CG2602 FKM 20,,100,0,0,0,0,0,0,30,10,0,0,0,,9,1,CaSiO3 600EST 30; MgO MA150 3 + Ca(OH)2 6 (acid acceptor 9); C-WAX 1; PEI ULTEM 1000FP-1000 10,76,14.79,192,8.45,31.88,200C x 70h (method cited as ASTM D623; specimen not stated),,,phr; MPa; % (table header for elongation mislabeled MPa),"Curative is pre-incorporated in Viton A401C precompound (type/amount not stated in doc; left empty). Automotive transmission seal application. Heat-aged (250C x 70h), fuel C and engine-oil immersion data also reported for CE3/Ex6/Ex7 (not recorded)."
KR102324534B1,patent,SHPP Global Technologies B.V.,"Composite material comprising fluoroelastomer and polyimide, method for producing the composite material, and article comprising the composite material",https://patents.google.com/patent/KR102324534B1/en,Example 7,FKM,DuPont Viton A401C (VDF/HFP precompound with curative) 80 + CG2602 FKM 20,,100,0,0,0,0,0,0,20,10,0,0,0,,9,2,CaSiO3 600EST 20; MgO MA150 3 + Ca(OH)2 6 (acid acceptor 9); C-WAX 2; PEI-siloxane STM1700FP 10,73,10.39,212,6.26,40.43,200C x 70h (method cited as ASTM D623; specimen not stated),,,phr; MPa; % (table header for elongation mislabeled MPa),"Curative is pre-incorporated in Viton A401C precompound (type/amount not stated in doc; left empty). Automotive transmission seal application. Heat-aged (250C x 70h), fuel C and engine-oil immersion data also reported for CE3/Ex6/Ex7 (not recorded)."
KR20130014651A,patent,"Pyung Hwa Oil Seal Industry Co., Ltd. (평화오일씰공업주식회사)",Rubber composition of FKM oil seal with improved wear resistance,https://patents.google.com/patent/KR20130014651A/en,Comparative Example,FKM,DuPont Viton A500 (VDF/HFP copolymer),bisphenol,100,26,19,0,0,0,0,14,0,0,0,0,3,9,2,N990 MT carbon black; silica Zeosil 155; potassium titanate K2O.6TiO2 (Tismo D) 14; Fe2O3 (Bayferrox 140M) 0; MgO 6 + Ca(OH)2 3; vegetable wax VPA No.2 2; VC#20 (onium accelerator masterbatch) 1 + VC#30 (bisphenol masterbatch) 2,79,13.14,221,,,,,,parts by weight; tensile kgf/cm2 converted x0.0980665,Automotive oil seal (not semiconductor). KS M 6518. Taber wear rate 3.72% (CE) vs 1.53% (Ex). Curatives are DuPont masterbatches (active content not stated).
KR20130014651A,patent,"Pyung Hwa Oil Seal Industry Co., Ltd. (평화오일씰공업주식회사)",Rubber composition of FKM oil seal with improved wear resistance,https://patents.google.com/patent/KR20130014651A/en,Example,FKM,DuPont Viton A500 (VDF/HFP copolymer),bisphenol,100,15,0,0,0,0,0,35,0,0,0,0,3,9,2,N990 MT carbon black; silica Zeosil 155; potassium titanate K2O.6TiO2 (Tismo D) 0; Fe2O3 (Bayferrox 140M) 35; MgO 6 + Ca(OH)2 3; vegetable wax VPA No.2 2; VC#20 (onium accelerator masterbatch) 1 + VC#30 (bisphenol masterbatch) 2,79,15.0,242,,,,,,parts by weight; tensile kgf/cm2 converted x0.0980665,Automotive oil seal (not semiconductor). KS M 6518. Taber wear rate 3.72% (CE) vs 1.53% (Ex). Curatives are DuPont masterbatches (active content not stated).
CN106633544B,patent,"Shanghai Rushi Sealing Technology Co., Ltd. (上海如实密封科技有限公司)",Fluororubber material for high-temperature high-pressure resistant sealing element and preparation method thereof,https://patents.google.com/patent/CN106633544B/en,No. 1,FKM,DuPont Viton GF (peroxide-curable FKM),peroxide,100,30,0,0,0,0,0,0,0,4,1.5,0,0,3,1,carbon nanotubes GTR 0 (in other_inorganic); N990 30; TAIC-S70 4 (70% active); Luperox 101XL-45 1.5 (45% active); ZnO META-Z102 3; Struktol HT290 1,77,18.1,256,5.0,,,,,parts by weight; MPa; %,"Oil/gas HTHP seal (not semiconductor). Press 180C x 10 min, post-cure 200C x 12h; GB/T 531.1, GB/T 528. Nos. 5-8 (Viton GLT) omitted: their tables are images."
CN106633544B,patent,"Shanghai Rushi Sealing Technology Co., Ltd. (上海如实密封科技有限公司)",Fluororubber material for high-temperature high-pressure resistant sealing element and preparation method thereof,https://patents.google.com/patent/CN106633544B/en,No. 2,FKM,DuPont Viton GF (peroxide-curable FKM),peroxide,100,25,0,0,0,0,0,5,0,4,1.5,0,0,3,1,carbon nanotubes GTR 5 (in other_inorganic); N990 25; TAIC-S70 4 (70% active); Luperox 101XL-45 1.5 (45% active); ZnO META-Z102 3; Struktol HT290 1,88,28.5,208,13.97,,,,,parts by weight; MPa; %,"Oil/gas HTHP seal (not semiconductor). Press 180C x 10 min, post-cure 200C x 12h; GB/T 531.1, GB/T 528. Nos. 5-8 (Viton GLT) omitted: their tables are images."
CN106633544B,patent,"Shanghai Rushi Sealing Technology Co., Ltd. (上海如实密封科技有限公司)",Fluororubber material for high-temperature high-pressure resistant sealing element and preparation method thereof,https://patents.google.com/patent/CN106633544B/en,No. 3,FKM,DuPont Viton GF (peroxide-curable FKM),peroxide,100,20,0,0,0,0,0,10,0,4,1.5,0,0,3,1,carbon nanotubes GTR 10 (in other_inorganic); N990 20; TAIC-S70 4 (70% active); Luperox 101XL-45 1.5 (45% active); ZnO META-Z102 3; Struktol HT290 1,94,34.1,179,21.69,,,,,parts by weight; MPa; %,"Oil/gas HTHP seal (not semiconductor). Press 180C x 10 min, post-cure 200C x 12h; GB/T 531.1, GB/T 528. Nos. 5-8 (Viton GLT) omitted: their tables are images."
CN106633544B,patent,"Shanghai Rushi Sealing Technology Co., Ltd. (上海如实密封科技有限公司)",Fluororubber material for high-temperature high-pressure resistant sealing element and preparation method thereof,https://patents.google.com/patent/CN106633544B/en,No. 4,FKM,DuPont Viton GF (peroxide-curable FKM),peroxide,100,15,0,0,0,0,0,15,0,4,1.5,0,0,3,1,carbon nanotubes GTR 15 (in other_inorganic); N990 15; TAIC-S70 4 (70% active); Luperox 101XL-45 1.5 (45% active); ZnO META-Z102 3; Struktol HT290 1,98,,,,,,,,parts by weight; MPa; %,"Oil/gas HTHP seal (not semiconductor). Press 180C x 10 min, post-cure 200C x 12h; GB/T 531.1, GB/T 528. No. 4: only hardness reported (too brittle; other cells blank). Nos. 5-8 (Viton GLT) omitted: their tables are images."
CN106633544B,patent,"Shanghai Rushi Sealing Technology Co., Ltd. (上海如实密封科技有限公司)",Fluororubber material for high-temperature high-pressure resistant sealing element and preparation method thereof,https://patents.google.com/patent/CN106633544B/en,No. 9,FKM,DuPont Viton AHV (bisphenol-curable FKM),bisphenol,100,40,0,0,0,0,0,0,0,0,0,0,8,9,2,carbon nanotubes GTR 0 (in other_inorganic); N990 25 + N774 15; Ca(OH)2 NICC5000 6 + MgO MA150 3; bisphenol AF masterbatch AF50 6 (50% active) + BTPPC accelerator P33 2 (33% active); carnauba wax 1 + WS280 1,93,21.8,72.8,,,,,,parts by weight; MPa; %,"Oil/gas HTHP seal (not semiconductor). Press 180C x 10 min, post-cure 200C x 12h. 100% modulus reported as 0.00 (elongation <100%) -> left empty. "
CN106633544B,patent,"Shanghai Rushi Sealing Technology Co., Ltd. (上海如实密封科技有限公司)",Fluororubber material for high-temperature high-pressure resistant sealing element and preparation method thereof,https://patents.google.com/patent/CN106633544B/en,No. 10,FKM,DuPont Viton AHV (bisphenol-curable FKM),bisphenol,100,35,0,0,0,0,0,5,0,0,0,0,8,9,2,carbon nanotubes GTR 5 (in other_inorganic); N990 20 + N774 15; Ca(OH)2 NICC5000 6 + MgO MA150 3; bisphenol AF masterbatch AF50 6 (50% active) + BTPPC accelerator P33 2 (33% active); carnauba wax 1 + WS280 1,94,21.0,73.0,,,,,,parts by weight; MPa; %,"Oil/gas HTHP seal (not semiconductor). Press 180C x 10 min, post-cure 200C x 12h. 100% modulus reported as 0.00 (elongation <100%) -> left empty. "
CN106633544B,patent,"Shanghai Rushi Sealing Technology Co., Ltd. (上海如实密封科技有限公司)",Fluororubber material for high-temperature high-pressure resistant sealing element and preparation method thereof,https://patents.google.com/patent/CN106633544B/en,No. 11,FKM,DuPont Viton AHV (bisphenol-curable FKM),bisphenol,100,30,0,0,0,0,0,10,0,0,0,0,8,9,2,carbon nanotubes GTR 10 (in other_inorganic); N990 15 + N774 15; Ca(OH)2 NICC5000 6 + MgO MA150 3; bisphenol AF masterbatch AF50 6 (50% active) + BTPPC accelerator P33 2 (33% active); carnauba wax 1 + WS280 1,97,21.5,51.8,,,,,,parts by weight; MPa; %,"Oil/gas HTHP seal (not semiconductor). Press 180C x 10 min, post-cure 200C x 12h. 100% modulus reported as 0.00 (elongation <100%) -> left empty. "
CN106633544B,patent,"Shanghai Rushi Sealing Technology Co., Ltd. (上海如实密封科技有限公司)",Fluororubber material for high-temperature high-pressure resistant sealing element and preparation method thereof,https://patents.google.com/patent/CN106633544B/en,No. 12,FKM,DuPont Viton AHV (bisphenol-curable FKM),bisphenol,100,25,0,0,0,0,0,15,0,0,0,0,8,9,2,carbon nanotubes GTR 15 (in other_inorganic); N990 10 + N774 15; Ca(OH)2 NICC5000 6 + MgO MA150 3; bisphenol AF masterbatch AF50 6 (50% active) + BTPPC accelerator P33 2 (33% active); carnauba wax 1 + WS280 1,98,,,,,,,,parts by weight; MPa; %,"Oil/gas HTHP seal (not semiconductor). Press 180C x 10 min, post-cure 200C x 12h. 100% modulus reported as 0.00 (elongation <100%) -> left empty. No. 12: only hardness reported. "
